Id,Message
1291087156736413696,fui terminar de ler blinding lights e queria mto entender qual a da mina que fica comentando parecendo uma tiazona e dando em cima do namorado da pam
1291086985738715137,ele já viu amigooo
1291086774035513345,quem é pam
1291086601284718599,perde a chance de fica calada
1291086591931424769,a pam ta estressada então não foi bom
1291086368811233282,realmente to feliz que os sprints da pam hj vao começar as 20h kkkkk as 2130 nao conseguia nem terminar o primeiro sprint durmo mt cedo sim
1291086092280700929,eu perguntando pra todo mundo na secretaria
1291085491543171077,tomara que eu vire mesmo a mulher que mais amo a pam
1291085393593602049,tava com fome desculpa
1291085181818986501,roi jantou cedo hj né
1291085154346295296,sem generalizar zuaram o acidente da chape zuaram a morte da salomé zuaram a morte da renatinha zuaram o acidente do henrique atos racistas durante um jogo gritos homofóbicos durante um jogo mascote sendo machista querem pagar de moralistas agora enfim a hipocrisia
1291084793837494273,musa diva arrasou
1291084528551964672,meu deus tudo
1291084467004747777,cá estou eu chorando com o ep q mostra toda a evolução do jimmy e da pam
1291084412705267712,putz  jantando na hora do café da tarde
1291084400130772994,58 1548 pam faz o seguinte vou apagar a conversa aqui aí tu me manda mensagem falando que vai pra lá aí eu peço minha mãe 58 1549 monick falso ta kkkkkkkk 58 1550 pam pode mandar kkkkkkkkkk amigas servem pra isso
1291084376025882626,nossa eu tento desviar toda hora desses pensamentos mas o nossa vc é uma fracassada sempre ganha
1291084247416086528,alô mãe to famosa
1291084201698177024,se conseguir manda no grupo pam
1291084196547629058,que jantada
1291084107963944960,sou ótima fazendo bolo feio e gostoso
1291084089345413120,aqueles produtinhos que amamos da     segue aí no insta pamvy
1291084071800627200,aula síncrona as 19 hrs e eu desde manhã passando mal só de pensar na  de ter q ligar o microfone e falar deus pq me fizestes tão
1291083973775499265,oq a pam ficar eu chipp serio kkkk
1291083968872415233,por você até o sharingan desperta por amor
1291083787531476992,linda gostosa maravilhosa te amo
1291082767875416064,hj vai
1291082752201240578,hoje faz 1 semana em que a pam se foi e isso ainda me deixa baqueada
1291082665190449153,oi amor
1291082626812579842,oi amor
1291082570894106625,queria malhar meter um shape pam birl derrubar arvore é o carai n é água c musculo e tal
1291082570860580864,a solidão sabe
1291082545015263232,oi bb vem sempre aqui
1291082449779404803,oi lindo
1291082373505978368,lindas
1291082253754400769,visshhhh cê que não me viu puta ainda kkkkkkkkkk
1291082175698423810,aham
1291082111047421952,pode ser qualquer destilado
1291082088096161793,eu não tô brava não doida kkkkkkkkk tô só zoando com vc
1291082051353968641,já floresceu aqui ipês ufopianos
1291081988024270848,amiga vc tá puta e eu to aqui conversando de boa pra que tanto ódio se poupe kkkkkkkkkkk to dizendo que apareci lá mas foi brincadeira ce que tá brava aí kkkkkkk
1291081895267258369,pam aparece mais aqui pra gente fazer aqueles joguinhos com músicas e tals
1291081852149735437,meu deus tadinho do jim pam pfv da uma chance namoral
1291081837884968961,nao espero ter ajudado
1291081777029820417,marca ele no meu post então
1291081762030923777,muito boa pam
1291081750911815680,amiga o que que tem a ver
1291081727117529094,amém pam
1291081678908203008,fazer o que né te apoio
1291081427203829765,kkkkkkkkkkk tomar no cu não é o mesmo que falam aqui afinal o perfil jantadasfut me segue
1291081281997099008,jantar a laura lage nunca é demais para um cruzeirense se acostume
1291081097971982336,isso é vdd já recebi a mesma jantada 60 vezes
1291080978794975237,e a pam que me mandou coxinha do ragazzo que veio do habbibs  eu te amo
1291080957051764738,top comprei da anethuun depois vc da uma pesquisada p vc ver
1291080779007754240,kkkkkkkkkk tô acostumada já amor
1291080733080125444,chitãozinho e xororó  40 anos entre amigos  via
1291080669108539392,todo mundo kibando a pamela uai  se eu fosse vc entrava com direitos autorais sem dó
1291080629774422016,agora que eu percebi que tem umas falas de the office na musica da billie eilish do nada eu ouço a voz do steve carell e da pam mds kkkkkkkkkkk
1291080574946484225,puta merda
1291080311208542220,bem solidário ele
1291080085643186178,eu tinha um ódio
1291080011437539329,lindo maravilhoso te amo
1291079884605927426,tomara q esse funcione
1291079839924064256,quaaaaal vc comprou
1291079822739939329,obrigada filha
1291079724974964737,eu quando saiu a nota de micro
1291079668377038849,e o lucas na live falando pra pam não bater nele com o carro dela a fama de boa motorista da minha filha
1291079307251548160,não dá pra acompanhar não
1291078772339494912,chata feia boba
1291078661442015234,que não seja eu amém
1291078522694508544,corre aqui rapidão
1291078391597338625,odeio atender o telefone aqui em casa quem atente é a minha mãe como ela não está 3 semanas sem atender
1291078296625700866,o jim a pam e a cece combinando fantasia meu deus vou morrer de amores
1291078137468649472,ai pam primeiro casamento q chorei vendo é tao lindo
1291078134347988993,a alegria do dia foi conversar com a pam gonçalves sobre a colleen hoover no grupo do telegram e descobrir que pensamos as mesmas coisas
1291077993339723779,tá jatando muito cedo
1291077974859685895,tb amo você
1291077824930078721,até mais fofa
1291077766696370180,será que vai me notar algum dia
1291077660270108672,blz amor bjo
1291077163463127041,carai
1291077158413246465,nunca nem vi essa pra falar do histórico de fracasso do seu time precisa copiar de ninguém vcs em si já são a piada 49 anos solidário no brasileiro
1291076991853232128,pam bimbo bloq¿
1291076976774647812,ia falar ou jogo mas não eras jogar sozinha
1291076974727790592,pam  todo mundo ama fanfiqueira viciada em celular não perde uma chance de encher o saco do povo do squad
1291076899230437381,com gosto maior rabao gostoso
1291076572875718657,o q faço leio vejo filme vejo série arrumo a playlist ou durmo
1291076418156277760,na cara naaaaaao
1291076375357673472,na cara não po kkkkkkkk
1291076330033950720,vc copiou da moça  ela já postou isso n se faça de sonso
1291076266880380930,mais uma piriquita minhas amigas só botam mulher pra fora kkk só pam mesmo que saiu do trilho e trouxe nosso menino anthony
1291075624937951233,solidário é o atlético que não ganha um brasileiro a 50 anos pra deixar pros outros
1291075482230951938,meu pai postou um textin pra mim e colocou uma música da ivete pq pasmem eu nasci no dia que ia ter show da ivete na minha cidade todo mundo arrumado e minha mãe em trabalho de parto kkkk estraga role
1291075456339501056,q rolo q ela fez pqp mkkkkkkkkk
1291075412680900609,namora cmg pra eu tuitar isso pra vc
1291074492631056385,você é uma grande gostosa minha filha
1291074474192916480,pam aqui
1291074166834290688,se você tiver que decidir entre o mundo ou o  se você escolher o mundo ficará sem o amor mas se escolher o amor com ele conquistará o mundo
1291073892510031879,gastei todo o dinheiro que eu tinha em doce tpm tóxica
1291073787191078914,quem n te conhece q te compre aiaiai
1291073693800493056,qual vai ser a treta da x
1291073606294867969,final de semana vou passar em sj
1291073380372938753,menina gostosa
1291073289285140481,parabens pam tudo de bom pra ti linda
1291072954802016259,chorando pela primeira vez por um casal  jim e pam esse é o tweet
1291072861701111808,queria ter esse corpinho
1291072661188218882,felicidade de agosto meu curso ta acabando o maravilha
1291072649435787264,eu tenho muito orgulho de você eu te amo
1291072647082717185,meu último neurônio
1291072611099848706,theo deve odiar ter o otávio como irmão kkkkk
1291072548676014082,eu vou nos bife e meus prato nunca da por kgsempre livre
1291072449384263681,hoje eu começo uma nova fase na minha vida tô tão feliz
1291072389351186432,kkkkkkkkk socorro pam
1291072379331006466,comi igual uma cavalo no almoço
1291072240344334336,vou ver a mika hoje to com a gab desde ontem pam vem pra cá find
1291072089408012288,oi pam
1291071593653964805,será q se eu arranjasse um jim eu seria a pam dessa pessoa
1291071565753397248,casamento do jim e da pam foi perfeito morri de rir c a entrada na igreja aff amo
1291071391219949568,acho que meu exame de lactose deu negativo mas mesmo pesquisando e pedindo opinião de outras pessoas ainda to insegura se é isso mesmo
1291071198038757389,iala kkkkk sou sim tá
1291071114450526211,olha guerreira viu kkkkk
1291071024805613568,pior que n errou tirei segurança
1291071011740360709,aí amg vc vê um tweet que hitou e puf nazaré amarga posta a mesma coisa como se fosse autoral o ódio
1291070966714503170,coisas q tu faria
1291070669422198784,por isso a gente se dá bem duas fudidas kkkkkk
1291070019682684928,a pam com o jim são um dos melhores casais que ja vi aksdfkasdfk a holly com o maicon tmb e perfeito demais
1291069897330561026,sim kkkkkk o sofrimento da mulher que não desiste
1291069631193636867,um vídeo nunca definiu tanto
1291069176593948673,até a pam sabe kkkkkk
1291068967629594624,talvez precisemos de uma análise literária além da tradução
1291068834695258113,q ódio
1291068686732873731,é incrível como jeito que o jim ama a pam me faz chorar que nem uma condenada
1291068671578734593,tenho que comprar uns produtinhos da boca rosa
1291068269370245128,obg mesmo amiga
1291068132753321984,curte um pam curte um pá
1291068045763448835,to ouvindo exile aí acaba e começa a tocar back to december foda hein
1291068032031367174,joga y joga o menino
1291067969154551809,carapuça serviu ne kkkkkkk mas não foi pra você
1291067963970396166,o dia tem que ter 36 horas pra conseguir fazer tudo da faculdade de boa sem estresses
1291067747791769603,recebi a indireta ok
1291067706633052160,preciso de umnotebook branco pra poder comprar e colar isso
1291067478341300226,cortei minhas unhas me sinto pelada
1291067255292342273,vc está fzd aniversário e vamos juntos comemorar em mais uma ano que passa que a beyoncé venha te iluminar uma musiquinha que minha avó canta para todos no aniversário mas com uma pequena modificação kkkkkk parabéns pãm tudo de bom para vc
1291067093274841089,nasci só pra criar e expectativas e me frustrar
1291066935225065473,tomei o remédio tá me dando sono e tenho que olhar a minha irmã
1291066873635917829,parabéns pam
1291066545175699463,bom dia pam
1291066456570986504,vai passar nos móveis isso aí pra ver o grude que vai ficar kkkkkkkkkk
1291065906416713728,a pam dormindo no ombro dele e ele falando q n foi um dia ruim sei la segundo episodio ja queria namoralo
1291065834794889216,falou tudo
1291065830646611971,nada meu amor qualquer coisa eu estou aqui eu sei que esta sendo difícil para você amiga
1291064964812279809,eu pedindo conselhos para pam
1291064579980775425,eu sou o hulk
1291064515824672769,tô carente demais hoje papo reto
1291064041419550721,tenho 112 contatos bloqueados do banco pam me ligando pra me oferecer empréstimo desde o começa da quarentena essa patifaria
1291064037590138881,quem sair de 2020 não vai ser a mesma pessoa que entrou impossível esse ano não ter mudado um pouquinho que seja o seu pensamento o jeito de lidar com outras pessoas e até mesmo sua
1291063979343859714,pam prometeu que ia tomar vinho comigo
1291063956812042241,nossa senhora que criança perfeita
1291063794681237507,pim pam pum vamos
1291063645053558784,já chorei com pam e jim em the office e só tô na 2temp acho q tô sensível
1291063568528482306,amo tanto quando me chamam de pâm
1291063517026689025,o dwight querendo mata qm fez a pam  kr melhor persona junto c o jim
1291063128260841472,vai falar q eu n canto bem pam  kkkkkkkkk
1291063084061270019,tentou calar a minha voz tentou roubar tua canção e sufocar adoração que é só pra ti e mais ninguém eu só queria levantar as minhas mãos e te adorar deixar a lágrima rolar deixar a lágrima rolar
1291063032488103936,eu queria uma relação tipo jim e pam se deus me permitir
1291062887771967493,tenho tantas coisas pra dizer tenho tantos versos para escrever fiz uma canção de amor pra cantar pra ti tenho tantas notas pra tocar um poema pra te declarar mas sabe deus é hoje a noite foi fria o vento tentou me levar angústia me feriu a dor mais forte do que eu
1291062844633612288,aí eu já não sei kkkkkkk
1291062387647406080,era só geral daqui do condomínio combinado um dia e geral partir como
1291062014643703808,e eu fico falando “ olha o tanto que minha bunda cresceu” kkkkkkk
1291061977322749954,será que sou rica em um universo paralelo
1291061766043111426,teoria do caos é uma doideira as vezes fico pensando nas diferentes linhas do tempo que uma de mim vive em uma delas eu estou prestes a pegar meu diploma
1291061575189757957,obg amiga
1291061118820122625,as lives da pam que estão me salvando eu fico tão mais concentrada nessas  leituras em grupo
1291060814770774016,cara q sdd da lorena nos role do lucca sdd dela tentano me ajuda a nao ser empurrada na piscina verde e caino junto comigo sdd de ficar na casinha da arvore co ela e co a pam sdds
1291060668637024262,sabe quando você precisa da pessoa lá  não precisa fazer nada falar nada se possível nem respira mas eu preciso de você lá
1291059725711351808,sim eu tava bem receosa mas orei muito busquei muito e pam é nosso dever sabe jesus morreu na cruz por nós deus deixou seu filho sangrar apenas pra que nossos pecados pudessem ser perdoados é nosso dever explicar que propagar esse ódio é o contrário dos ensinamentos
1291059693402689536,vamos marcar o amigo  e ganhar dinheiro pra pagar a faculdade hahaha
1291059626771910656,agora que eu reparei que tanto eu quanto a pam temos flowers no user
1291059502591152130,as pessoas precisam começar a entender que se eu estou rindo de mais é porque estou  com a situação  caralho
1291059404146499587,meus sentimentos meu amor
1291059393858084871,coração leve mente em paz
1291059154505945088,pâm é fofa educada e atenciosa com o lucas nossa só não ver quem não quer o lucas é muito besta ela tá afim pâm é fofa educada e atenciosa com um amigo do lucas parem de forçar mulher não pode ser educada q já dizem q tá afim né
1291059137237921798,delatorvi além de muito talentoso tá extremamente chique em sem boné
1291059127444217856,pam pam pammmmm pam pam pammmm acabei de receber uma ligação da nephew e eles me falaram que irão abrir  no dia do meu aniversário eu amo uma loja
1291059050055114755,e eles limparam tudo rapidin a pam ficou admirada  e o lucas aquintem 3 cara pra casar carai
1291058664116289537,viver a ocupação pós moderna é experimentar uma condição permanente de estar a
1291058572168704000,sério pam pam é tãoooo bom
1291058203359416325,um relógio
1291058051227750400,e lavar a louça
1291057983145816070,gente o jim e a
1291057953215324160,já peguei to fora
1291057439681458178,tudo que nasce morre tudo que vem se vai hoje morreu um sonho que ele descanse em paz não temos controle o tempo é ligeiro na estrada da vida somos passageiros mas que deus guarde cada estrela a mais no céu volta pra mim vó te amarei
1291056971467100162,a criança derrubou a outra sem querer e saiu desesperada correndo e gritando e n sei oq de
1291056924025401345,vixi vem no certo bb
1291056822196019202,quem levou um tombo de 60 conto tá aqui viu por isso n gosto de comprar pela net vey
1291056689807073282,disso eu já sei
1291056376651960320,por mais que eu só veja ele em fotos akkakak
1291056301469040640,é verdade ou mentira você 1 mentira 2 verdade 3 verdade 4 mentira 5 mentira 6 mentira 7 verdade 8 verdade 9 mentira 10 verdade 11 mentira 12 verdade 13 mentira curte que eu mando
1291056118001799168,sonhei com o filho do andré hoje foi tão
1291056115522908162,ei a pam ganha nem que seja 1
1291056115229364224,ainda é aquele pedido mds
1291056027643846663,aonde mesmo kkkk
1291055989362393093,existem seres humanos e existem anjos como  lidem com isso
1291055874652483584,isi malia vai ter uma mini pam titia já ama
1291055427724226560,cu de gato não dem pelo daquele jeito é só olhar pras fotos que tu mandou pam
1291055231296561154,aonde
1291055040208293888,de verdade aqui tem roupa que só usei uma vez e que eu nunca usei tbm
1291054694614343680,cantada anônima para  “você é google pq tudo que eu procuro encontro em você”
1291054602209693696,a pam é  aaaaa tudo pra mim
1291054544944861184,com certeza pam com certeza aí você é tudoooo muito obrigaaada
1291054403097632770,o que eu vou dizer pode parecer polémico a karen é melhor que a pam boom
1291054174407467010,vou te mandar foto da prateleira de verdura no whatsapp aí vc escolhe pra mim
1291054023446089729,pim pam pum vamos
1291053981305896965,obg meu amor
1291053978969608192,pam e jim e veronica e logan
1291053858593083392,eu não aguento mais shippar pam e jim
1291053515020939265,que o senhor conforte todos vcs prima
1291053322103853058,amo sdd itaquera
1291052946701066242,darte pammi pam sum sum ñam ñam ñam
1291052300946087936,saudade cassems esses golpinhos tão altos
1291052297544441868,coitada
1291052201155100674,pim pam genoveva
1291052140329345024,e eu que tenho problema com olho retirar corpo estranho ou algo assim aaaaaa
1291052027875917832,miga 350 golpinhos a consulta com oftalmo particular  300 pila mês pra ativar minha cassems tá difícil
1291051832194859012,bom dia pam
1291051808895504386,ah migo e eu que tive plano desde que nasci até os 21 anos pagava 20 reais na consulta hahahaha agora tudo particular
1291051559527292929,estou cansada  e fisicamente
1291051337812258816,amo pam
1291051318035922945,tapa na cara dos suíno do pescoço pra baixo é canela
1291051133448970241,obg meu amor
1291051098665619459,sim mas pra alguns tenho virar mesmo pq não sabem porra nenhuma e mete marra de pam kkkkkkk
1291051045012025344,eu odeio não entender as coisas
1291051044139610118,valerie é tudo
1291050985922666496,é eu to chorando com a pam e o jim isso mesmo tudo que eu queria
1291050707286659073,nao acredito que finalmente ganhei um sorteio sos
1291050685212106757,as quiança maior e melhor jkjkkk
1291050616220000256,música de gay
1291050491791790081,as quiança
1291050390478368770,né cara kkkkk
1291050208881717249,eu amo d
1291050059325415424,nós demais amiga n tem como o baque vem kkjjjk
1291049991075700736,cansa p mim tbm
1291049912969371648,kkkkkkkkkkk espero que seja  estou assustada até agr
1291049868455280644,vou sufocar nada quem querquer
1291049461939085312,fofo o jeito que ele pode estar morrendo de sono mas só para de jogar dps que eu paro kkkkkkkkkk
1291049439885434880,desxunoa pam é pra começar o dia já de um jeito peculiar
1291049371350556672,consegui alguém pra fazer twist em mim
1291049275783360513,não vai inventar música não pam hahaha
1291049156308500481,ainda não superei essa live foi top demais rolou muita risada acima de tudo houve que eu vi eles respeitando a pam o carinho toparam brincar e tudo orgulho dos meninos e pamzinha sempre fofa simpática e como não amar ela e que vibe incrível  já quero outra
1291049119386132486,feliz aniversário pam felicidades
1291049068182085632,ai tadinha na próxima né leva amiga
1291048750274818053,mas cê tá brava
1291048207934541824,pam quando puder me segue
1291047834045865987,tacons de pam mimagino jo no
1291047466578608129,eu nao aguento mais a minha irma
1291047166610350083,não posso criar
1291047023559442434,tem coisas que eu olho e fico pensando como a pessoa tem tanta coragem
1291046997089280003,tamanho da sua fome
1291046935600734208,feliz aniversário pam
1291046741203189763,fica assim nao vida
1291046696965804038,não pense que a cabeça aguenta se você parar
1291046658130743302,agr tava perfeito pra apertar a braba
1291046378643365888,esse carregador ao invés de carregar está  meu celular
1291045608522997768,kkkkkk eu lendo esse teu tweet
1291045305614585857,status 9 pessoas visualizaram seu perfil
1291045298803027968,jim e pam finalmente estão juntos eu to gritando
1291045278397734914,coitada da maria pam
1291045138119168000,neeeem fudeno q hj tem live da pam amanhã com a gabru aaaa
1291044773340614656,simmmmm kkkkkkkkkkk
1291044565856722945,vc salvou as coxinhas dos meninos senão a pam tinha ganhado kkkkk podem já marcar uma nova live todo mundo amou
1291044565110206464,amiga pelo que a pam falou no vídeo de resenha dela a primeira parte do livro é leve comparada com o resto
1291044507014791170,volta vó
1291044332187918337,deus da força pra sua
1291044284217675778,eu tenho que aprender a controlar minhas emoções depois sempre me arrependo
1291044229381345282,falaram que minha  parece com a da pam de the office e eu concordo
1291044163744653317,só pra falar aqui que a pam é a pessoa mais incrível que eu conheci no lol só isso msm
1291043922370875392,a live da pam com os meninos já tá  eu já vou lá rever essa perfeição de live
1291043802950635520,sim amiga até entendo esse lado mas eu sempre tô  essas coisas quando acho legal mas perco o interesse total assim
1291043672881012737,pois bem o marido dela fez um projeto burro
1291043511136071681,gosto de ter 2 horas de almoço como em 15 minutos durmo todo o resto
1291043124693864454,e a pam falando que acha que a malu não gosta dela
1291042992384618496,nossa eu também comprei assim que a pam liberou o cupom e no dia seguinte entregaram o livro fiquei até surpresa com a rapidez
1291042733642190863,hj eu quero conseguir dormir antes das 00hs
1291042297174536194,eloá ta tão esperta
1291042235090444288,sofro com a fragmentação pam
1291041959629463557,lógico que da pam
1291041736215732224,eu tô adorando ver os pets dos colegas nas aulas online kkkkk
1291041630808690690,to chorando dms vendo final de the office pqp amo o jim e a pam porra
1291041433164677122,meu nubank chegou agr é só ladeira abaixo
1291041410574176256,pai amado
1291041368652087297,stream de arte tradicional pim pam
1291040802848808960,ainda tenho uma tia maluca que vai me ensinar como fazer isso fudeu de vez kkk
1291040801187926016,tô só arrumando ideia querendo pintar as pontas do cabelo de rosa
1291040340598808578,eu e patrick somos mt viciados em uma bala q vende na barraca aqui fora minha mãe foi no mercadão e comprou um sacão dela pra gnt
1291040049052647428,vcs tem vergonha de comprar pão ata
1291039919540973569,pam que deus te abençoe
1291039777354125314,pode juntar as duas que não da a minha pessoa kkk
1291039773667332096,4 meses p aniversário d meus meninos e eu já tô doidinha p bolinho desse ano kkk
1291039319126401025,fui tirar uma foto do scotch e parece que ele tá lendo todos os pecados da minha alma
1291039222590312448,pelo menos ta bem
1291039121381691393,aguardando ansiosamente o fim do ano para cantar com minha prima “quero você do jeito que quiser” hahahahah
1291039032038903809,eu e quem
1291039009343442945,e eu sou entusiasta do chororo kkkkk amo
1291038454118322178,b sb o q eh pior eh m fz iss e es pdim pam confia e cenas caba p da no msm
1291038422514245633,comeee fideosss lo buscó lo besó pam pam pam
1291038393057648641,duvido
1291038117869301761,índole questionável
1291038010084077568,assim eu ponho fé
1291038003192836096,mana isso ja aconteceu cmg eu n lembro de toquei uma siririca no meio do sonho e o pior é q quando eu acordei a tv tava ligada e eu n deixei ela ligada kkkkkkkkkk
1291037991608233987,pam aqui pode mandar áudio sabia
1291037956543782912,só entender que eu não quero e não me sinto bem com isso porra se fuder
1291037926462230528,vem aí pam cantora aaaaaa
1291037845625417729,pam você é maravilhosa
1291037820237250560,man qual a dificuldade da minha mãe de entender que eu simplesmente não me sinto bem fazendo exames nas partes íntimas com homens “ amas se vc não gosta de homem pq tá namorando um”” man é cada bosta q ela fala
1291037696538947590,eu acabei de lembrar do meu sonho e mano puta que pariu que sonho perfeito poderia acontecer aaaaaaaa
1291037537411055616,coisas que só quem é mãe vai saber hahahah
1291037447934156801,sono pronta al  pam pam
1291037282762448896,obrigada pam
1291037276076679173,eu ganho
1291037020538757122,tomara que caia pra série c e termine de falir tem é que se foder mesmo nem na série b com 6 pontos não deixam de arrongancia bando de nojentos
1291036974149763072,faz um querida kkk só fazer um
1291036447064166402,puts pam ai cê me quebra
1291036417519489026,pam quando acabar a pandemia tem q gravar com eles kkkk chama todos p sua academia kkkk
1291036273654857735,também tem o office ladies apresentado pela jenna fischer pam e angela kinsey angela
1291036161788514309,não tava já tava tudo uma merda
1291036078019837955,relaxa pam isso não dependia de você não era algo possível de controlar
1291036034654973953,meu maior medo
1291035927758999554,perfil visualizado por 8 pessoas
1291035808749834241,no vídeo que o minho postou eu vi bolas nas partes dela a pam fala que é o cu  mas tá muito saltado pra ser o cu kkkkk enfim não chegamos a nenhuma conclusão ainda
1291035500053180423,afffff pam tu é mto tóxica kkkkkkkkk
1291035485503201280,discussão do dia minha da pam e da jessie soonie é fêmea ou macho
1291035167054757888,andar de moto cansa macho
1291035086788468737,vcs são jim e pam
1291035063308648449,eu não paro de checar os meus emails
1291034884761194496,pam sem 1 ba
1291034716716638208,bom dia pandão lt3
1291034685729124353,claro que eu notooo
1291034409408376832,eu ri tanto ontem quase fiz xixi igual a pam
1291034275849146368,132 o 4 num lavo deixo pro meu irmão ou pra minha mãe rs
1291034111491145733,nem me nota kkkk
1291034073830494209,ninguém pra cuidar de mim
1291033952564719622,o dese
1291033836759986176,bom dia  foi um arraso a live mulher3 gatos e uma gata  vcs tem que  chama a jaqueline e dri pra ficar completo
1291033760130043904,agora vocês estão shippando a pam com o amigo do lucas o que eu perdi
1291033699572748294,quero o livro da pam sobre o signo de escorpião
1291033571474452481,oh vei
1291033374505787392,agora vão querer uma parte da roça
1291033319484928004,baby bash feat akon  pow se tivesse comigo era só alegria e nike no pé
1291033296399458305,hahahahah só consegui pensar nessa pam
1291033220088303617,adulto faz assim
1291033093437100033,jkkkkkkkkkkk ninguém amigo ninguém
1291032964713910275,que elas “só”
1291032835957182464,amiga as vezes elas só querem ser reconhecidas pelo trabalho dela não é pq falam isso que elas querem biscoito até pq toda pessoa que posta uma foto quer biscoito ninguém posta foto pra não ter nenhum like e nenhum comentário e assim funciona com aqueles que produzem conteúd
1291032462714445824,só pode
1291032329201254400,kkkkkkkkkkk quem te aguenta
1291032266945245185,relaxa pam tem muita gente que consegui comprar eu sou uma dessas haha chegou ontem e já comecei a ler
1291032218199035905,o povo fala que é de humanas mas odeia escrever redação
1291032197240160256,adoro
1291031959846739968,eu que agradeço por ser su amiga todos os dias você é incrível pam obrigada
1291031932378251266,vei a pior merda que eu e pâm fez foi ir atrás desse povo
1291031818003677184,pora pim pam
1291031578106302464,aí que delícia rs
1291031533374103553,aí mds
1291031277865447424,o seu perfil foi visto por 8 pessoas nas últimas 12 horas
1291031096147283968,se vc acha q eu chorei durante o casamento do jim e da pam você está  certo
1291030924600258561,pam no meu o cupom estava valendo p ebook tbm ja q não tem o físico mais ainda da p ter um desconto
1291030909219737600,lucas e pam são tudo  amiga te segui desculpa achei que já te seguia
1291030816726843393,maravilhosa hahaha
1291030686376353792,eu comprei assim que saiu o vídeo e a amazon nem enviou ainda sofro com essa empresa porém obrigado por tanto pam vi teu sufoco pra conseguir esse cupom lt3
1291030535003930625,muito
1291030345375244289,ainnnn eu toda vc ja viu tudo to na temporada 6  pam e jim são tudo pra mim nessa série
1291030321027256321,do meu pai amiga
1291030226311548928,pam é suas piadas
1291030212809981953,roda mais uma vez aí nunca te pedi nada
1291030164802023424,o foda que além de linda e gostosa eu ainda sou cruzeirense
1291030116785684480,3 de duas vagas ótimo até o dia 21 com o cool na mão
1291030044295536642,a  da minha irmã mais velha me mata
1291029888821071873,eu nao to mais no grupo tem q chama ale pam ou o thiago
1291029834173472768,bom diaaaaa pam
1291029715428560897,mas serio dps q eu assisti reassisti na vdd pq na primeira vez eu tinha 14 anos e so queria sabe de pam e jim eu sinto q meu senso de humor elevou o nivel
1291029698089226241,a pam e o gabriel
1291029244194230274,a editora vai postar meu print me sentindo famosah
1291029199650791425,finalmente chegei no episódio do casamento da pam e jim
1291028779268177922,eu e a pam fala mal de tanta gente mds
1291028523440918528,duvido
1291028232402337795,pam mudou o user só vi isso agr e achei a coisa mais lindinha do mundo
1291027988549636099,amg tem no amazon prime tb mas deve ter online a primeira temporada é chatinha mas dps melhora e o jim e pamputs acho que é meu casal preferido de todas as séries eles são tudo
1291027881481711617,58 1203 sara  a técnica que fez a ambientação não quis ficar na escala acho que nós assustamos ela 58 1204 pam   kkkkk não tô entendendo a sara
1291027862179520514,bom diaaa pâm
1291027752724897792,pam acustico
1291027643681341442,pam me segue depois eu nunca te pedi nada
1291026940061782017,casamento da pam e do jim tao fofo e eu só pensando que quero muito me casar um dia
1291026799556788224,não são os mesmos produtos pra todas as box
1291026542257201154,pego muito
1291026528885706752,deus tenha piedade dessas meras mortais kkkkkk
1291026492294660103,resolve e me fala devo sair de casa umas 16 hrs
1291026466080280576,pam vc é tudo
1291026432441950210,bom dia pam
1291026376418635779,mas fiquei com raiva da pam ter voltado com o roy tipo afff
1291026360513830912,olhaa não brinca assim comigo
1291026297980891146,58 1158 bibizinha bom dia miga 58 1159 pam bom dia mais seco 58 1159 bibizinha bom dia miga  eu que sou a grosa fria e calculista sem coração do grupo olha não é fácil
1291026233321500672,fiquei esperando o jim aparecer na exposição da pam
1291026222248591360,até buguei nem sei o que escrevi
1291026166384648194,bom dia pam sua linda me segue
1291026151700336644,como ajudar a não sei algo que não sei como ser kakakakaka
1291026110243909640,será se eu fiz alguma coisa e nem to sabendo
1291026018669662213,brota lá hj  passo aí te busco e te levo qnd for embora rs
1291025975032061952,obrigado pam
1291025957739008002,oii pam por aqui tudo na mesma
1291025953636974592,kkkkkkkk aí senhor eu na vida me ajude a deixar de ser assim  kkkk
1291025838004228097,cadelinha de jim and pam aqui
1291025823009472513,bom dia pam
1291025799815069697,bom dia pam
1291025666725548033,humm entendi era pra ter ido segunda neh mana hoje to em casa
1291025564954955776,quero msn para tremer a tela dos amiguinhos para chamar atenção quando demorarem a me responder
1291025518364590082,bom dia pam
1291025394691461123,obrigada paixão você é demais beijão
1291025366505738251,nossa desse jeito eu vou pro inferno
1291025346620424193,n amiga rsrs n foi isso falei c poucas pessoas preferi ficar na minha vou na mãe de santo no final da tarde
1291025220179025921,lua tá em peixada e geral que lute
1291025150671028229,eu sou ninguém
1291025116823007232,bom dia pam
1291025102260391937,bom dia pam
1291025048363569152,bom dia pam
1291024900648505344,ficar de cama hoje o dia todo essa crise tá me deixando pegada
1291024741957066757,boa sorte amoô fica relaxada vc vai conseguir xeroo
1291024696646012928,pam me segue aqui por favor
1291024619894431745,como é tudo tão difícil p mim
1291024613326151681,oi oi pam senti
1291024605101121543,mas isso é vdd credo
1291024549035814914,pam me nota por favor e me segue perdi meu tt antigo luansicone
1291024485341171712,oiiii pam eu senti
1291024403615162368,lets gooooo pam pam tum tum
1291024313303412736,bom dia pam
1291024102375985154,bom dia pam
1291024098248753152,bom dia pam
1291023995958177794,tô querendo uma
1291023991872925696,estou até agr tentando entender como dormi de pijama e acordei pelada
1291023279713595393,amada licença
1291023075652308992,naaaao pela aparência e jeito kkkkkkkk maggie é mega inteligente é um elogio chata
1291022956299268096,bom dia gatinha linda seu cabelo tá maravilhoso  bom dia pam  bons estudos  bom dia jess bom trabalho
1291022000668975112,gente old votei na enquete do lucas sem ver a live agora que vi lógico que a coxinha da pam estava melhor e  melhor que a dos meninos viu  perdão mas é a verdade
1291021992674631681,sonhei com michael jim e pam ótimo dia
1291021811585622017,o resto eu corria atrás
1291021794871332864,era pam culpe meu corretor
1291021770607255562,vamos lá pra são josé fazer cmg pam kkkkkkkkkkk quando isso tudo passar é óbvio
1291021733617643520,é impressão minha ou a coxinha da pam desmaiou diante de tanta beleza na live ontem
1291021466478272516,bom dia gente to fazendo uma campanha cada seguidor me da 1 real
1291021078299541513,se eu te falasse q essa mulher n é a pam do the office ngm acreditaria
1291020830860861444,kkkk eu e a pam estávamos nos perguntando se vc já acordou
1291020817736912897,pim pam toma lacasitos
1291020760476200962,sim eu te entendo muito sou bem esquecida também e como mal saio de casa acontece
1291020731631964164,que horas pam
1291020621430890496,sai fora vc é caipira
1291020469001490440,vc vem aqui na minha cidade blz
1291020387711700994,eu amo pam
1291020202495418369,olha tô fudida pq sou muito esquecida por sorte esqueci no carro se fosse em casa eu tinha troço
1291020031770468353,é o novo
1291019979761094656,vamo fuma narga
1291019661002366979,agora que eu reparei q ele representou a pam com o emoji de uma princesa  é um gentleman mesmo
1291019509000810497,pode até não ser considerado um título profissional mas sim de base  eu sei mas o título da copa ipiranga foi o primeiro de muitos que ele conquistou com o grêmio
1291019299591725056,acho q eu ja vi os eps do dinner party da vaga de emprego la q o jim chama a pam pra sair e o do casamento deles umas 15x cada
1291019149947408386,só quero saber de comer pão de queijo agora
1291019149628575745,¡¡pam vamos javi
1291019007542341635,eu toda linda saindo do carro depois de andar 1 quarteirão chego no local e lembro que esqueci a máscara no carro parabéns pra mim
1291018911878610944,amigo já falhei
1291018814885429248,assim hoje
1291018594554241025,pra vocês é pamela pam ou pampam responde ai nunca pedi nd p vcs
1291018438790516738,eu e pam a maioria das nossas conversas e sobre obra dps que tivemos nossa casinha só sabemos falar disso
1291018395480137729,meus pêsames pam
1291018040662949889,não acompanhei a live ontem  mais assisti hj e ameii  pam  sua coxinha ficou mais bonita antes de assar  meninos    a de vcs deu vontade de comer depois de pronta  amei a vibe arrasaram
1291017865974427649,terça foi a tentativa de invasão do meu wsapp e hoje do meu instagram ahaha os raqueis só não contavam com minha astúcia de proteger minhas contas em duas etapas com verificação bendita seja o dia que ativei isso kkkkkk
1291017784303013888,to só pela maquiagem que vou fazer hoje com a andressa coitada vai gastar o corretivo inteiro pra esconder as minhas olheiras
1291017697879302145,igor me solta que eu tô barraqueira hoje querendo cancelar todos os meus serviços
1291017601066438656,graças a deus já posso sair
1291017269347332099,me ajuda a ter essa atitude tbm
1291017099742240769,já me irritou filho da puta vai dar pitado na puta q pariu porra
1291016977704726529,acabei de ver a live resumo da ópera lucas não ficou de cueca pedro não tirou a camiseta e gabi só jogou charme kkkkkkk a live foi ótimapam linda só ficaria brava de não ter assistido se pedro tirasse a blusa e se lucas tivesse ficado de cueca kkk mas eles só provocaram
1291016936541822979,só por causa da tua palhaçada que tu vai perder hoje
1291016286705799168,kkkkkkkkk eu durmo de roupa velha nem tenho pijama
1291015990621462528,akakakak amo você vai entender todos os memes e pq sempre falo dessa série kkkkkkkk  jim e pam  peraltiago  depois de te mostro o vídeo com paralelos deles quando você acabar a série
1291015882605502464,isso deveria ser informado no processo de pedido e não deixar o cliente feito besta esperando por duas semanas pelo produto desejado
1291015832210944001,fica sem poder trabalhar espero ter ajudado
1291015796303503361,auhauah se eu tivesse tempo e habilidades de edição eu faria um clipe com todas as vezes que a pam fica visivelmente decepcionada com alguma brincadeira do jim hauhauha mas vocês não estão prontos pra esse vídeo ahauhauha
1291015567965650944,eu tava com saudade de no horário do almoço sair do trabalho e ir encontrar a pam pra almoçar e adivinha quem me mandou mensagem me chamando pra almoçar kkkkkkkkkkk a própria
1291015457298886657,meu shippe seja pra amizade ou romance continua sendo o melhor pamlu a energia q todos estão comentando existiria sempre pq era lucas e pam na live é o gabriel e pedro são tão maravilhosos q tudo foi perfeito
1291015442996383745,legal mesmo é fazer pedido de internet da  e ser informado que tem um problema na minha área que tem que ser resolvido primeiro antes de fazer o agendamento da instalação e que isso pode demorar até sexta feira que vem e a gente que trabalha com internet fica como
1291015278965530624,ela posta fotos do tipo “nem tudo que tá no instagram é verdade” mostrando o antes e depois da pose que a torna mais  eu só consigo lembrar no meme da pam de the office
1291015264662945792,o que aconteceu rt pam
1291015190662840322,tava qrendo trancar a faculdade por causa da pam em relação as aulas a distância mas eu tenho uma amiga tão pika mais tão pika que vou me esforçar em terminar em ead mesmo  xiamo
1291015099751309313,ai tomara que o meu não inche tbm hahahahhahah
1291015038954868736,seu perfil foi visto por 6 pessoas nas últimas 2 horas
1291014983191539713,obrigada pela dica pam
1291014932746706944,acho que esse ep do jim fingindo que esta virando vampiro só ficaria mais perfeito se a pam ajudasse na pegadinha
1291014835958886400,e o pai da pam que passou por um pé de babosa lembrou de mim e arranco quase um pé inteiro pra me dar  eu amo o tio
1291014825225662465,pam disse que eu estava rindo quando estava dormindo
1291014790203269121,hahahah concordo com as duas tal hora a brincadeira e as pegadinhas do jim são demais por isso super rola com a pam eles parecem tá em boa sintonia para saber quando ser sério brincar etc queria um boy fofinho divertido eu já sou bem chato kkkk
1291014775644749824,eu nunca vou esquecer do vídeo que o jim fez pra pam no penúltimo episódio nunca
1291014663946285065,to assistindo the office e to amando e sofrendo pelo jim e a pam
1291014615095271425,parabéns pam a maior beyfã desse país e a melhor da região norte muito amor paz e alegrias pra ti
1291014352561213441,eu sou aquele tipo de pessoa que malha 2 dias e já fica assim “olha aqui meu muque” “olha essa coxa definida” kkkkkkkkkk
1291014198156300294,ss vei a karen achando que o jim tinha ido la ver ela e ele depois falando que ta com a pam muito bom
1291013847789248517,conversar aleatórias com a pam me levaram a estar ouvindo gian e geovani nesse momento hhahahahaa
1291013688653209600,achei uma fancam da pam amei
1291013233881559041,o pezinho
1291013171554201600,vou gravar challenge pra eu esquecer de comer hj
1291013001361883141,hj é dia hein pai
1291012901818564608,se a pam trair o jim eu vou sentir
1291012552152014848,o cara fala oi pam e já tão shippando kkkkk jesus amado
1291012352431861760,muito obrigada pelo retorno farei isso com certeza
1291012324946567169,sofro mais assim pq não tenho ninguém pra pensar do que quando tinha alguém
1291012308903383040,verdade na minha opinião a pam foi bem gentil ela é assim mas é muito claro o carinho dela com lucas acho que pra rolar só depende dele kkkk
1291012262753443840,toda vez que eu me achar azarada vou lembrar que o jim pagou um festão pra pedir a pam em casamento e o andy roubou a cena
1291012144985759744,pam ignora vc é mt lgl linda maravilhosa pfvr fala cmg
1291011782287544320,sou mto tímidaaa
1291011668319834112,obrigada kkkkkkkkkk
1291011330284167177,05082020 105718 pam  bom dia mô 05082020 105907 meu estresse  bom dia vida 05082020 105910 meu estresse  acordou já 05082020 105916 meu estresse  milagre sem graça né kkkkk
1291011151208361984,já leu boa noite da pam é incrível
1291011151065686017,verdade
1291010994114826241,obrigada titia pam lt3 mas acho que ela vai fazer também tá toda empolgada vendo os vídeos
1291010785343426563,forças pam forças
1291010448498794498,eita  kakakakak
1291010224745263111,não tem pra onde fugir kkkkk
1291010083984486400,vei a pam nem acredito
1291009962278354949,menina eu tava babada de sono
1291009733860655112,todo dia eu sonhando que sou a melhor amiga da pam
1291009183844835328,não sei fazer a 1 da lista vou trancar minha vida
1291009157118689281,é pam kkkk
1291008617244758016,fudeu kkkkkkk
1291008272858853379,me odiar é perca de tempo kkkk sou gente boa demais
1291008204885950464,deus sou eu de novo me da paciência só pra essa muie na minha frenteeeee
1291008145154805762,tanta louça pra lavar e eu só queria ficar deitada
1291008108307853312,miga eu não coloquei uma pedra de gelo e não inchou nada
1291008006050721792,faz muito gelo minha cara não inchou muito pq ficava com gelo toda hora
1291007815985897472,que pim que pam que pam que pim
1291007700504129538,eu to num ódio vey quando eu fiz o contrato disse que ia descontar só 22 no mês agr descontaram 4000 vtnc
1291007470182293504,tenho pena de quem teve o melhor de mim e não soube aproveitar do jeito certo
1291007424950874112,as vezes do nada eu solto um “só os maconha pulando” e não consigo não dá risada kkkkkk nunca superarei sua mãezita pam
1291007384635285504,olhei a hora achando q era 1020 e minha reação foi a da pam quando o michael pede algo muito absurdo e idiota
1291007183753289733,literalmente chorando pela cena da noite do cassino com a pam e o jim e logo em seguida chorando de rir do kevin quando descobre q o oscar eh gay
1291006969088815104,vou dormir odeio ficar assim tnc
1291006811701760002,nossa mano acordei era 7 horas e eu a pam ja descobrimos tanta coisa q eu to  xell
1291006571116408833,se eu receber uma grana vou comprar meu carro e fazer minha cirurgia guento ser mais feia e andar a pé n
1291006405307174914,pois é nada haver o cara chega de surpresa e quer chamar atenção de todo jeito e a galera quer dar moral que eu saiba a live ia ser lucas e pedro essa galera não procura saber se a pam se sente confortável com essas indiretas é tanto que ela não curtiu nada do tal shipper
1291006380946620416,eu só queria uma praia e tals
1291006349795614720,tudo que eu queria
1291006211471609856,eu já acho ela muito bonitinha e meiga mas dai ela coloca a foto de perfil da pam que é a cara dela aff muito fofa podia me notar logo
1291006027513696256,mas como que tinha um macaco lá
1291005677196976129,com as minhas pedrinhas no rim eu tenho feito muitos exames e ecografias e toda vez eu tenho medo de descobrir que to grávida
1291005445117825024,já tentei não consigo
1291005338280484865,liguei pro laboratório pra saber se meu exame já tava pronto e a mulher “seu nome por favor” “pamela” “é ana
1291005170889961472,eu queria tanto conseguir trocar a margarina pela manteiga só que manteiga é ruim dms
1291004805620682752,bom dia informamos que a conduta do fornecedor  como  à oferta conforme artigo 35 do cdc caso resida no estado de são paulo digitalize os documentos referentes à compra como nota fiscal etc acesse  e faça a reclamação
1291004635084394497,odeio sentir falta é uma merda
1291003709485461506,eai pam cade a att da au rsrsrsrs — ta na minha cabeça rsrsrs
1291003707539193857,inveja eu tenho de quem tem o metabolismo acelerado e faz cocô todo dia
1291003503536738305,dua c missy elliot era o feat q eu queria sem saber
1291003349433749505,parabéns pam tudo de melhor para você
1291003106457780225,morrendo de sono mas a live foi top demais lucas pedro e pam dispensa comentário amoo esse trio e o  é fofo simpático um verdadeiro neném mas o que esperar de um cara que adota orquídea achada na rua né memo
1291002859522265091,amg me manda o vídeo do desafio da pam
1291002807995314176,muito obrigada pam elogios é sempre bem vindo você é maravilhosa
1291002400602574848,e tem um com a angela e a pam também office ladies
1291002229818785792,como é que não apaixona
1291001824045146115,de segunda a sexta temos que focar no progresso e encarar o processo não dá pra fugir aos sábados e domingos podemos nos divertir da maneira que quisermos acho que por esse caminho vamos atingir os nossos objetivos nos divertindo no percurso
1291001768051200001,meu bacon favorito
1291001103216246784,o povo chipand o gabriel com a pam só deus mesmo
1291000862601613313,meu último foi ontem  não posso fumar se n n consigo fazer dieta
1291000325508407296,parabéns vc arrasou  sem vc lá teria sido muito pior  talvez nem desse certo mas a pam sozinha arrasou só faltou o sal judiaria kkkkkk gabriel já esta preparado pq o fandon vai cair em cima pq vc é muito gente boa e lindo  se acostume com elas kkkkkk
1291000276091011072,queria comprar várias roupas porém n sei se to precisando
1291000129105866756,sobre um ano atrás
1291000119391850497,kkkkkkkkk vsf
1291000090308546560,a pam começou a ficar chata depois da s5
1291000076169617410,pam ontem “se tu n acordar às 5 p ver o nascer cmg vou ficar braba” realidade passou 5 horas do combinado e ela nem acordou ainda
1290999924994252801,bom dia
1290999611142877184,pam parabéns hj e felicidades sempre muitos anos de colmeia para nós   o melhor signo sempre
1290999552468819969,num cantinho rabiscado no verso ela disse meu amor eu confesso estou casando mais o grande amor da minha vida é voceeeeee eita merda
1290999205444681729,o tempo passou e eu sofri calado não deu pra tirar ela do pensamento eu ia dizer que estava apaixonado recebi o convite do seu casamento com letras douradas num papel bonito chorei de emoção quando acabei de leeeeeeeer
1290999031666225152,quarta do picpay 5 no meu picpay e eu te envio essa foto sem censura com o consolo na ppk  picpay
1290998898962632704,pamora kkkkk
1290998595714527232,kkkkkk obrigadaaa mana te amo
1290998137016987650,soltaram uma fake news de que o caio revela morreu e uma enxurrada de comentários tóxicos e  estão atribuindo os comentários ao ldvr sendo que veio do pam que é o fórum mais tóxico da internet e todo mundo sabe
1290997952325079041,a pam olhando eles muito lindos
1290997879700676613,bom dia pandinhas
1290997803393724416,é foda ver que a pessoa é tudo aquilo que você sempre defendeu p outros dizendo que não era
1290997727762022405,bundinha o
1290997458328342528,off sonhei que minha mãe morria gente foi horrível mas nas fotos minha mãe era a pam de the office
1290997452204576768,a maria kkkkkkk
1290997266787041280,melhor live nunca ri tanto a pamela e muito engraçada e os três pam e assim a receita não sei luquinhas deve ser kkkk
1290996598777012224,como eu vou ter um diário dos sonhos se hoje eu sonhei que a pam do the office e o yoongi estavam se casando no quintal da minha casa e o max petterson tava tentando roubar as câmeras pra ver o casamento e ele só falava francês
1290996235294453760,como te chamam mãe pâmela pam pai pam avô pâmela avó pâmela primos prima pam amigos polaca pâmela conhecidos pam pâmela
1290995814572204032,tantos sonhos p uma noite só minha cabeça está até confusa
1290995813133549569,feliz aniversário pam
1290995799799869441,falso
1290994649792942081,que ódio que eu tenho disso
1290994593111187458,diaze pim pam toma lacasitos
1290994368845946880,desculpa aí pam essa narrativa contra membros do governo federal não deveria vir do outro lado bom dia selvaaa
1290993795920801792,um bom dia assim cairia bem
1290993443519463429,eu n to conseguindo nem me mexer do tanto que to dolorida mds essa vida de fitness n é pra mim kkkkkk
1290993359729950720,hoje eu to por conta do caralho
1290992994414403584,a perspectiva do caso mary bell em depoimentos infantis no processo penal que tema
1290992853758484480,tem q viajar muito pra acompanhar o raciocínio daquele homem
1290992850172350464,bom dia meu  quintou e so sei dizer que live  trio x pam  por mais vezes assim
1290992558018039813,que pam e gabriel o que o gabriel é meu
1290992111131787270,só uma coisa ga e pam gtgtgt nd a ver ele é lindo atencioso mas não é engraçado lucas é tudo isso e muito mais já faz mais o estilo da pam lucas é engraçado é generoso isso atrai muito qualquer mulher acho q vcs já sabem o gosto dela pela live fim
1290991979279646731,nem a pam  pois ela não curtiu nada de shipe pambiel agora de pamlu ela curte geral kkkkkkkkk
1290991970194796547,corinthiano segue corinthiano  rt esse tweet siga todos que curtirem siga de volta todos siga quem comentar siga quem der rt siga quem te seguir
1290991620989628416,saudadeeee pam
1290991364520411136,pam e lindaaaaa
1290991108076568576,kkkkkkkkk mano olha isso lanço rádio no warzone e no fort fds bora de radio jovem pam
1290990901876215818,agora eu to com vontade de comer pastel e suco de maracujá com morango
1290990890895519744,vou voltar a dormir isso sim
1290990843952795648,cara ainda tô  com a live super tarde e muitas pessoas assistindo nos divertimos a pamela ficou meio tensa no começo pq era ela e três homem e eles respeitaram ela de mais brincaram cozinharam foi tudo a live a vaibe do lucas e da pam não tem igual amei
1290990306691878912,independente de shippe a pam e o lucas juntos transmite uma energia muito boa a vibe deles é maravilhosa
1290989560428732416,vey ficou muito perfeito
1290989426819108864,não tem pra ninguém a vibe deles é surreal  cada dia admiro mais lucas e a pam
1290989393642237953,6 tão shipando o gabriel e a pam memo
1290989078050209795,e também o gabriel é assim com tds ai o povo já pensa outra coisa e a pam nn tem nem o que fala é rendida real pelo lucas
1290988651304947712,aí meu olha ele colocou a pam de princesa  como não amar você gabs
1290988644296273921,pam preocupa não kaka pra você eu passo pano
1290988554143834112,vou de pam
1290988397343932416,a pam só faltou falar né uma direta bem reta tá segurando vela pq q pq por ações ela já demostrou
1290988171963097088,vou tomar vergonha na cara e estudar mais
1290987813610151936,quer ver uma coisa bizarra pam toma a boquetaranha
1290987307793813507,eu acho interessante a imaginação fértil do meu professor em relacionar processos  com a nota da filha dele
1290987200469852160,entendi kkkkkkkk ai amg eu nem sei sobre o qq é direito é só que a pam a booktuber recomendou e aí eu quis ler kkkkkkkkk
1290986271041609729,acho que vou participar do  da pam ja tentei ler vaaarias vezes e sempre abandonei
1290986234278555648,que foda parabéns pam
1290986202670268418,a cara do jim e a da pam olhando pra ele  que falta faz uma sex scene meu pai
1290985645188485120,bom dia só pra quem acordou e tá rindo com a live de ontem que live maravilhosa foi aquela nossa foi muito boa rir horrores com o lucas e a pam e os meninos amei quero mais outras kkkk
1290985444772065280,pam
1290985353097220096,sobe desce para depois joga na minha cara faz pam pam pam pampam pam pam
1290984949194137600,seu perfil foi visto por 2 pessoas na última hora
1290984879451181058,somos duas
1290984648751939595,odeio fala mais de 5 vezes com a pessoa e ela ensistir da vontade de fala carai de asa sai de pertoooo casca fora mas pois bem é assim
1290984557043503104,sábado te prepara
1290984490198867969,pra já
1290983707373953024,eu tenho escutado esse aqui onde as atrizes que fazem a pam e a angela falam sobre todos os episódios de the office bom e ruim pra nostalgia
1290983190430126081,é o que pessoal não entende nada do que eu falo algumas vezes  aliás bj na mamãe pam e no bebê ben
1290983003729076226,amém mãe
1290982956404703232,eu te amo
1290982381797638146,nem conheço a personagem mas claramente foi isso que ela quis dizer
1290982059595436033,essas pessoas acabaram de visualizar seu perfil
1290981185653481472,mores o babado não saiu do  e sim do pam parem de hate
1290980952848519169,nem assisti a live ontem mas já tô shippando a pam e o gabriel foda se
1290980642751209472,bom dia pam pra você também
1290980418376933376,gente o povo aqui shippando pam e gabriel pessoal eles realmente são muito parecidos  gabriel da para ver que é doidinho igual mas naooooo meu pamlu e maior e melhor até pq os casais tem que ser um pouco diferente para equilibrar  tipo pai drudi e fofinha
1290980159059906560,que deus te proteja bb
1290979934270365698,o  tá postando soltando algumas coisas no instagram deles aos poucos fica ligada por lá
1290979891735863297,parabéns pam
1290979143128092672,aí eu amo você  não tem como não ficar feliz vendo você feliz
1290978693117095936,parabéns pam
1290978404729331714,pim pam toma
1290977888011988994,mana posta mais detalhes
1290977869393428481,mais uma vez aqui no pam
1290977651235131392,quem sabemas acho que você perdeu pra pam
1290977610667884545,hj é aniversário da leonina mais foda da filo rural  amiga to bêbada mas eu te amo parabéns
1290977595463553024,amizade é isso ficar feliz pelas coisas que o outro conquista
1290977510386171904,pam se supera
1290977457974247426,ai um saco
1290976302422528001,eu gostei do jim com a karen mas ver a pam triste me quebra
1290975917913845760,pior sensação
1290975474957549568,a cena da pam vendo o vídeo que o jim deu pra ela
1290975279171735553,vocês podem responder minha dm por gentileza eu enviei um email informando que um produto que comprei está com quase 1 mês de atraso e vocês me responderam “que bom que recebeu seu produto” mas como eu havia dito eu não recebi o produto
1290975167766765568,vocês podem responder minha dm por gentileza eu enviei um email informando que um produto que comprei está com quase 1 mês de atraso e vocês me responderam “que bom que recebeu seu produto” mas como eu havia dito eu não recebi o produto
1290973068110725120,queria uma história de amor igual a do jim e da pam
1290972983645937664,essas pessoas acabaram de visualizar seu perfil
1290972859372797952,tudo bem aí pam
1290972544250580992,mi pam sum sum sum sum sum sum mi pam akakus ñam ñam ñam
1290971914563985409,a pam me representa nessa foto
1290971617330438146,bom diaa só esperando pra comemorar  aqui tem um bando de louco louco por ti
1290971476431179781,o q ta dentro é q importa
1290971459301584896,aiii eu gosto do jim  mas não to gostando tanto da pam ela fica enchendo o saco  eu queria falar mais mas não sei até onde você assistiu e não quero dar spoiler kkk
1290971423469711360,pam tô no meio da aula de química me nota dei uma escapadinha rápida
1290971257018687488,722829 espirros em 1 minuto
1290970571409362951,que dia lindo
1290970109587132416,kkk se eram armas escondidas eles não vão divulgar tb né
1290969791805693958,nada de shippar pam com o gabriel não eu quero o gabriel cmg  a iludidah
1290969677393469442,tá porra
1290969452704563200,tudo verídico
1290969125968384000,parabéns pam tudo de maravilhoso pra sua vida amore
1290968868698161156,muito jim e pam
1290968289821237250,kkkkkk que perfeita po
1290968224646004742,pam vc está a venda
1290967988699619332,preciso que a pâm olhe o wpp e as msgs nem chegaram deve ta atrasada
1290967254864207873,parabéns pam
1290967113172123649,to ficando triste
1290966244779229186,pim pam pum vamos
1290965971658825728,entre hardin e tessa e jim e pam o meu verán é pa mexar e non botar gota literal
1290965798438174721,parabéns pam felicidades tudo de bom para você e que beysus possa te abençoar sempre
1290963697301622785,ele foi super fofinho e atencioso com a pam na live ontem
1290963337451372546,pim pam pum vamos
1290962715830366208,eu sou tipo a pam se eu desconfio de algo acontece tb mas demorei pra conseguir “dividir” essas coisas tb e as vzs é só minha ansiedade msm
1290962558636232704,pq vcs estão shippando a pam e o gabriel  oq rolou
1290962368458100736,vocês shippando a pam e o gabriel kkkkkkkk vcs não aprendem msm tudo que a gente shippa dá errado eerrrrr
1290962338871414785,isso não pode ser real mano
1290960680250728450,bom dia linda que seu dia seja repleto de alegria e muitas bençãos
1290960105140363264,sou seu pam
1290960053776928769,eu dando conselhos parece até que eu tenho controle da minha própria vida
1290959871916023814,as pessoas te julgam porque não sabem nem 1 do que você sente
1290958290365579269,o auge da maturidade é vc desejar o bem mesmo q a pessoa tenha te destruído
1290957601086283779,nem assim cabe no orçamento
1290957199884288000,sim eu gosto de jim e pam não eu não achei certo eles se beijarem enquanto ela tava noiva ele largar uma grande oportunidade de emprego e terminar com a karen daquele jeito pra ficar com a pam
1290956063169183746,mas é a cara da pam né incrível
1290955745488441350,só queria uns docinhos da pam agr
1290954957127131137,amo amo essa au
1290954556067774464,saudade das minhas viradas de ano em guriri na casa de julia rachando de rir com fe e os mlk dando susto em pam e varias outras merdas pqp
1290954525990359040,o casamento da pam e do jim
1290954497355845632,pim pam pum vamos
1290953557932482560,pim pam pum vamos
1290952785538711552,seu perfil foi visto por 5 pessoas nas últimas 4 horas
1290952767591403522,oi pam
1290952649131659264,vai que
1290952298529730566,pim pam pum vamos
1290952189951856640,pam é uma fruta muito linda e gostosa
1290951492078383106,do meu filho kkkkkkk pam do céu
1290949667488923648,tá mas cadê a lógica nisso ai que vc falou
1290949483396833282,cu de academia  voltou com tudo
1290948984996077568,a pam não tava em casa ontem pra cortar meu cabelo tive que pedir pro julio cortar meu cu tava que não passava nem agulha
1290948889902809088,eu tbm menina é um tal de espirra e coriza q n sei mais
1290948743538315264,bom dia com jesus
1290947980703551488,só vamo
1290947818153279489,saudade de quando acordar 530 era pra viajar agora é pra trabalhar mesmo
1290947741561098242,pim pam pum vamos
1290947318607421441,fui dormir cedo ontem e acordei com várias mensagens e ligações por conta da live da pam e os meninos genteee eu perdi uaimas ja sabia que a live era com lucasdepois a pam coloca no canal dela e vejomas obrigado viu meninasvcs são  marina foi o melhor
1290947266002456579,pim pam toma lacasitos
1290945828383850498,bom dia mundão bora trabalhar morta de sono fui dormir depois da live do lucas e da pam que live meus amigos eu ri tanto eles são de mais adorei e outra coisa vocês estão chipando errado o chipp é outro kkkkkkkk
1290944103010766848,gataaa sdds
1290942559758561280,vai ficar até dezembro
1290941995125538817,ainda não senti kkkkkk
1290940836478320640,a tensao sexual entre a pam e o jim
1290940466905722880,ai pâm só você mesmo kkkk
1290936398728626176,bom dia pam
1290936153881935873,bom dia pam
1290936138241396739,on god bro nsta sai d tt ba pesquisa cavani cu cebolinha pam ka entra na bad
1290935765006979074,pam cachetazo por atrevido
1290933633252032512,3 pessoas visualizaram seu perfil agora
1290928521393643520,que não gosta de pam e jim juntos tem opinião inválida pra mim
1290928280154116096,cuspiu pra cima pam
1290923674334371840,es lo mejor ksks
1290922276473495552,pim pam pum vamos
1290921138571415553,buanos diaass pam q tal
1290920636102193152,pam  você não presta amo
1290918610886688769,bom dia pamcaiu da cama
1290917740249845760,rave com a pam foi tito gt max gt brady gt marc gt power rangers gt corinthians gt neymar gt mbappe gt craque neto gt rir do palmeiras gt tito te amo
1290917306990829568,eu não chorei porque vi essa enquete bem no dia que meu pai pediu pra mim ir pra casa ver ele não né  coração apertado de saudade
1290917041210359808,eu amo fazer coisas com a pam pq a hora passa que eu nem vejo
1290916396361232384,tem dois dias que a pam está dormindo comigo aqui em casa ela não sabe o quanto está me fazendo bem e já estou sofrendo em saber que ela vai embora
1290916376681623559,smp te alertei ninguém é amigo de ninguém não
1290915509198819328,jesuis com shrek seeemmm dúvidas kkkk
1290915140020457473,cara como tu é linda  e esses olhos amei
1290913975295713280,num ouve as musicas e acredita em signo lamentável pam
1290913488706117633,bom dia com muita preguiça de levantar da cama
1290913360507281410,pam bebe digo
1290912818921967616,meu deus o jim e a pam sao taaaaooooooo
1290910940620259329,ti pam yakaku nhã nhã nhã
1290909567195504642,pam é incrível
1290909175174881280,e valido
1290909148041945089,s05e15 pam contando pro jim pq o pai dela vai se separar da mãe
1290904082421555200,entendo que com 2 filhos é difícil a relação de trabalho do jim entre scranton  filadélfia mas fiquei bem triste quando a pam disse eu gostava da nossa vida em scranton
1290903966642065410,gabriel é lindo demais além de ser querido shippo demais ele comigo ou com a pam tá todo mundo falando que rolou um clima entre eles
1290903921813327872,por deus jim e pam sao o meu  tudo
1290903847834210305,o que vocês acham da pam de the office eu sinceramente fiquei bem chateada que na 9ª temporada ela ficou mandando indiretinha pro jim ficar em scranton
1290902708631764992,pam e jim eh um casal bonito mas holly e michael eh a perfeição meu deus do céu
1290902250857136128,acabei de sonhar que era a pam mas não tava noiva e que o jim descobria os meus sentimentos mas que me rejeitava help porque o sonho deu tudo demasiado errado
1290902063078047744,ontem eu sonhei que tomei um tiro na cabeça e agora a pam acabou de me falar que sonhou que eu fui espancada to me sentindo até mal
1290901728091680768,tô pirando com essa apresentação
1290901381583380480,brabao kkkk
1290901345285922818,saudade pam
1290901036455153664,mds do céu q ódio
1290900714202574848,vou assistir obrigado
1290900691519787008,vizinhos tiverem por algum acaso vendo isso cuidado irei coloca minhas pularia simmmmm kkkk
1290900682959134720,você vê que o mundo tá do avesso quando descobre que a pam tem haters
1290900578734952449,minha mãe comprando esse som kkk já irei espera a polícia bate no portão aqui de casa
1290900455279796225,parabéns pam
1290899791027884033,aquela vontade daquele piercing
1290899717254193153,ñ lhe conheçoñ sei se vc conhece esse cara do vídeomas vou deixar aqui um vídeo de um cara q me serve de inspiraçãoa história dele e td q passou e onde está hj  é video longo mas garanto q vale a pena
1290899638032179206,que esse vídeo viva para sempre mexendo em minhas pastas encontrei ele  assistam
1290899398902321152,batalhas de got  a dos bastardos e as cenas com a dany e seus dragões maioria das cenas de the office em especial o casamento do jim e da pam e a cena icônica do dwight simulando um incêndio o watson conhecendo o sherlock e ficando espantado com o talento dele
1290898489170427905,só saudades  queeeroooo kkkkkkk
1290897947455033344,pam amei demais a live adorei a vibe me segue aii
1290897810179620864,n posso nem dizer vai dormir pam pq nem eu to conseguindo
1290897567425998848,pam me segue por favor eu perdi o follow spree
1290897454892818432,torcendo muito pra um povo aí amar a fazenda e esquecer que a pam e que até que o lucas existem ninguém merece ser acompanhada por esses escrotos
1290897321484574723,e eu que toda vez que entro no tiktok e tem vídeo novo da pam eu tenho um surto pq ela me segue o gente eu não sei lidar com isso não
1290894402299351040,seu perfil foi visto por 5 pessoas nas últimas 6 horas
1290894160313155584,será que a pam já sabe da block
1290893444055994372,ameiiii pam vc é um exemplo de mulher q eu me inspiro mto vcs foram maravilhosos
1290892832652369921,o jim comprou uma aliança ele vai pedir a pam em casamento put que
1290891995427360768,coisa mais linda do mundo vc pam
1290891364604022784,pam me segue por favorzinho
1290891314326888449,pam
1290891007735857152,me segue pam pfvr nunca te pedi nada
1290890748360036353,kkkkkkkkkk pam demora mt pra passar o efeito da cafeína kkkk
1290889808835948544,pam vem somos duas pq aqui toda noite ela aparece
1290889559182581761,cobra comendo cobra  kkkkkkk
1290889471743926272,coitada da pam com essa ex luriany maluca  cuidado  se você não suprir a vontade dela vai contra você
1290889047997587458,meu gif preferido do momento esse do biquíni vou dormi até amanhã pamboa noite
1290888333330206723,eu vi msm kkkkkkkkkkk pam quando lucas vai gravar pro seu canal
1290888109614338050,boa noite pam fica com deus  quem vai dormi sou eu kkkkkkkkk
1290887936704237568,pam vc n tem direitos pra falar mal de mim porque eu to te ensinando a jogar lobinho
1290887860887969794,pam vaaai no insta vou postar um vídeo agr lá no fc
1290887714854916096,kkkkkk pam que lute
1290887648735891456,já seguiu os meninos aqui no tt pam
1290887536236204032,pam tu é doida dms vei hahahhaha
1290887512077074433,o que eu pegar primeiro to lavando n tem essa nao quero terminar rápido
1290887342434275330,pam me segue por favozinho   te amo tanto
1290887334905470976,pam tá muito feliz por isso n consegue dormir kkk
1290887189711265792,e pim e pum e pam
1290887112708042752,issa vibe
1290886649233264640,minha mente ultimamente tá confusa dms cm tantas coisas parece q vai explodir
1290886532031819779,eu vendo o jim dizendo pra pam que tá apaixonado por ela  é ele chorando depois dela dizer que ela nao pode
1290886230918537216,depois de uma hora que eu vou levantar pra tomar água
1290885501998845953,dieta tá foda beber água pra enganar a fome
1290885187899973632,confirmo
1290884656028684288,postura eu tenho
1290884538483253248,com certezaaaaa
1290884401388281856,criar meu filhoirmão pra isso
1290884178792382464,shippo você com a pam
1290883767658262528,status de visita perfil visualizado 6 vezes
1290883709395243015,hajahahah a pam não me seguiu não né
1290883574221221888,a no decídete
1290883187309240321,pam você é muito maravilhosa lembro como se fosse hj aquela live pós assalto do lucas ele chorando e vc dizendo que depois da live ia conversar com ele pelo wpp você e eles se conhecem a muito tempo antes msm da fama aaaa eu amo tanto meu pamlu
1290882703781494789,a pam arrasou na execução mas a de vcs perece ter ficado mais saborosa é uma decisão difícil porém meu voto é dos meninos hahaha
1290882658449461251,eu você esquece o que você escreve pam sim eu eu não esqueço de nada lembro de tudo aqui estou eu lendo otto para lembrar o que escrevi kkkk
1290882562638917635,dale pam vos podes
1290882454530732032,aimeudeus a cena da pam com o véu e o jim cortando a gravata
1290882320308867072,de coração você é minha irmãzinha mesmo assim sua linda
1290881758683160577,pam e lucas sempre bbs
1290881700998897668,pq pam ele te bloquea se vc comentar e curti muito me tira um dúvida vc sai curtindo tudo q ver igual os comentários do youtube
1290881615133118465,meu coração chega palpitou é muita beleza junta se eu fosse a pam estaria toda me tremendo kkkkkkkkk
1290881558602186754,estou cansada disso
1290881541451796480,verdade a pam é fda demais
1290881503958835201,eu amei a live amei mais ainda a vibe de todos do pedro gabriel lucas e pam amei tudo vocês são incríveis meus amores
1290881472027668480,votei em vcs pq sou cadelinha mas confesso que na hora a da pam ganhou em tudo
1290881342725652480,amo que você se acaba de rir pam
1290881278313672704,a vibe de  é tão boa até parecia que ela conhecia os meninos há tempos ela já estava chamando eles de gah pêh e eles retribuindo chamando ela de pam como se fosse amigos de longas datas amoo pessoas de energia  e pam é assim
1290881165050748929,devagar quase parando e sempre
1290881054228787205,vamos fazer live qualquer dia novamente
1290880935311872000,pam se ta apaixonada por quem em vi a curtida de olho viu amada
1290880900213989376,gostei
1290880757519581186,fiquem com o gabriel que eu fico com o meu lucas maior e melhor boa noite amei a live adoro vc é a pam juntos vcs são foda
1290880722862039040,amei pam qe live top viu  só pra lembrar sua coxinha ficou
1290880573645430785,obrigada pam  vc é foda
1290880571904753665,depois volta ao normal pam
1290880508512153601,me chama na dm pam
1290880496189177856,lembrei da hora q pam perguntouse já fizeram conta fake a cara do lucas nem tremia kakkaak
1290880491504181253,ih pode ser que sim pam não sei
1290880046442348544,amo vê vc com seus amigos mas a pam tem uma energia surreal
1290879746876813313,scrrr saudade de um rolê né minha filha
1290879678429962240,parabéns pam tudo de bom aproveite o seu dia vc eh a princesa da minha tl
1290879440289923072,pam vc amassa alho com o martelo   cuidado com os micróbios kkkkkkkk
1290878994678796290,manda
1290878965574504448,tô achando que falaram isso pra não shipparem ele com a pam
1290878950307246088,celo fica enchendo meu saco eu que lute
1290878682874159104,quero namorar a pam do the office
1290878403978104833,eu amo as lives da pam e do lucas mas a de hoje com os meninos junto foi épico kkkkkkkkkkk
1290878217843335170,eita se shippei ele com a pam não me lembro pois só mais você nega
1290878120183115776,vcs já questionaram a existência de deus
1290878110188134400,11mil pessoas não me intimida tanto quanto esses 3 machos me olhando eu no lugar da pam já teria dado 3 avcs do coração
1290878037525966848,fui verificar as passagens né pra ver se tava tudo certo e tinha sido cancelado o voo de ida ainda bem que eu vi e conseguir mudar pra outro diga aí imagina eu n vejo e chego lá pam sem vôo
1290877875814621184,a pam coloca todo mundo pra fazer a pose hahahahhaha
1290877813680152576,foi bem legal mesmo pam
1290877524562587648,steela isso me remete a uma certa cerveja kkkkkk
1290877317246586881,você é uma desgraçada
1290876989109411843,jim e pam um dos melhores casais do século
1290876931345387522,estou fazendo um curso de  e finjo ser a pam de the office
1290876624829849600,josé é tão lindo aff como lidar
1290876483666415618,acho muito bonitinho a pam chamando o lucas de luquinhas
1290876429245329408,pam vc e lucas tem uma energia linda
1290876427827662848,foi muito top pam amei
1290876286844493825,pam não presta atenção mesmo kkkkkkkkk
1290876209614794753,menina do ceu
1290876087849844736,preciso pegar um sol
1290876072863698946,ja pensou geentee os hackers tem um baita arquivo meu
1290875999698276352,to tao cansada qq eu to fazendo aq
1290875794093375489,parabéns pam
1290875660773269505,não importa oque vcs falam mais a pam ea pessoa mais legal desse mundo a live foi muito boa
1290875616728842240,mas pam vc é top demais
1290875559812182016,boa noite pam
1290875409861615616,tbm né pam 3 gatos daqueles além de tdo educados carismáticos e vc q tbm é good vibes nossa só tinha q ter esse resultado mto bom
1290875204877647872,have you met pam pamela or álida
1290875145775652864,parabéns pam que beyoncé te abençoe
1290875052662099968,a live foi  aliás pam pai drudi gostou do gabriel maior gente boa né
1290874861380919296,gente da pra ver que a pam chama todo mundo  lucas luquinhas gabriel ga to pedro pedrinho hahahahahaha
1290874649975369729,se o lucas ficar inseguro de apresentar a live do matheus fernandes sozinho é só chamar a pam para apresentar com ele que não vai ter erro meu sonho hahaha
1290874459734315009,pam eu ri muito que vibe maravilhosa essa de vcs
1290874289193996288,pam te adoro me segue por favor vc é top arrasou na live vc é descolada demais
1290874120700387334,pam vc pegou 1k
1290874040845049857,parabéns pam tudo de bom pra você
1290874037942525955,o episódio da pam e do jim se casando
1290873995294900224,foi muito boa mesmo pam vc arrasou tem tudo pra ser uma  de ao vivo vc é muito descolada
1290873814721662976,pam vc é linda e muito divetida
1290873806496641025,não se cansa de ser linda não hein pam
1290873805192278018,pam é do gabriel e gabriel é da pam
1290873724946833408,tem significado to chocada
1290873605514027008,foi mesmo pam
1290873390228819973,só queria ser irmã de sangue pra ter 1 da sua beleza
1290873380627939328,melhor live pam bora marca mais
1290873091812405248,pam vc foi perfeita dominou a live o tempo todo soube muito bem conduzir os três gatos
1290873080210915329,11k na live de pam e lucas juntos eles causam
1290873050431467520,pam vc é foda eu não conseguiria nem falar com aquelas 3 perfeições me olhando
1290873037613604864,pam vcs deveriam fazer pelo menos uma vez na semana virar um canal serio muito bom acompanhar vcs
1290872794729807878,e a pam fingindo que tava lendo as perguntas do eu nunca e inventando várias eu nunca fiz xixi na cama kkkkkkk quase morri nessa hora
1290872764275068930,se eu já era apaixonada na pam depois de me chamar de “meu amor” fiquei 100 rendida
1290872700487991296,não pode confiar amg
1290872688718815234,foi perfeita obrigada por td pam
1290872462515810305,hummmmmmm eu também achei pam  com a participação especial do gabriel
1290872378935959552,vcs são maravilhosos pam
1290872371797266432,4 temporadas pra desenrolarem jim e pam meu deus do céu
1290872333893345281,sim pam vc de apesentadora ficou ótimo no aguardo das próximas e que vc ajude ao luquinhas a pegar o tranco da vida d influencer
1290872308530401284,aaa foi a melhor mesmo pam sua vibe com a dos meninos é perfeita eu ri demais
1290872302188531713,eu só falo merda mas as vezes eu acerto kkkkkk
1290872298258432000,muito legal pam façam mais foi super divertida
1290872286581587973,foi demais pam
1290872274585821184,pam me segue
1290872254688092166,vc é maravilhosa dms pam marquem de fazer mais lives vcs 4 hahahahah
1290872190733344768,pam você é muito carismática impossível uma live ser ruim tendo você super alto astral
1290872175004659717,e me julguem na próxima queria só ele é a pam mesmo cozinhado
1290872157803880449,pam você leva muito jeito como  a live foi incrível eu ri do início ao fim hahahah
1290872139101491207,vdd pam
1290872137276952576,faz outra ainda essa semana pâm
1290872115680423936,eu tenho uma amiga que sempre me disse isso mas nunca botei fé pq fiquei com medo de entrar na neura mas vira e mexe eu penso nisso  medo
1290872095522664456,você é muito simpática pam fico cada dia mais apaixonada por você
1290872087901609985,pamvocê é a alegria do twitter
1290872043349643264,foi perfeita pam
1290872041617477639,foi incrível pam amei muitoooo
1290871982834294787,você e o brasil interior pam kkkkkkkk a melhor
1290871969311797248,olha pam vc é maravilhosa
1290871940559888389,muito boa pam kkkkkkkkkk
1290871903226396673,amando te conhecer melhor pam
1290871718790168576,me segue pam
1290871557926027265,você é tudo pam
1290871541119451141,preciso encontrar aquela motivação de 1 mês atrás perdi ela e não consigo mais achar
1290871469027790848,e vamos de dormir dividida entre querer o gabriel e shippar ele com a pam
1290871254392676358,então né o da pam dava mais bonito por fora mais acredito que o de vocês tava melhor o sabor apesar da aparência kkk
1290871188022075392,no começo da receita a pam surrou vocês mas no resultado final vocês fizeram uma reviravolta
1290871151837814784,faz mais live como essa pam por favorzinho  eu necessito ver vcs quatro juntos de novo haha
1290871141117067264,pam  você e top e linda viu
1290871118677639168,o jim e a pam são os únicos personagens de the office que eu consigo odiar e simplesmente durmo pro arco deles
1290871088642240512,ok pam e jim eu estou chorando
1290870993758621696,aguardo ansiosamente pelo meu cordãozinho amg
1290870955993108480,muito pam vc é simplesmente
1290870906001252354,não acredito que me deu sede e vou ter que levantar tomar água
1290870770877566981,a pam é muito legal simpática e bonita merece arrumar um namorado bem gente boa quero shippar
1290870762123952130,eu ameeei pam tava maravilhosa
1290870643458748416,tato chula
1290870421756272642,melhor  foi isso q aconteceu a cada dia admiro e amo mais a pam
1290870088283967488,precisou de 3 homens pra fazer a coxinha enquanto a pam fez tudo sozinha kkkkkk
1290870038405287937,você tem uma energia incrivel pam to adorando te conhecer cada dia mais
1290869889834651649,já era pra eu estar dormindo mas to aqui vendo série como se amanhã eu não fosse trabalhar
1290869806338637824,me segue pam
1290869785216024578,antes de assar a da pam  depois de assar a de vcs ahahhh
1290869727473041409,seu perfil foi visto por 5 pessoas nas últimas 4 horas
1290869673723146241,olha gabisem ser advogado d ninguemo lucasa pam e quem mais faz o q eles  q o q ela tentou dizeré q quando o papo  é com a pam e o lucas mta gente  ela d biscoiteira e tdo maise ela hj foi o q ée quem sempre criticahj romantizou
1290869521423663105,ta sim paixão tudo certinho
1290869449122340864,vixi tô em duvida no início da pam tava com a cara melhor depois ela falou q ficou ruim e vcs disseram q tava bom
1290869417031630849,tá bom os meninos foram incríveis mas cá pra nós pam conduziu tudo né que energia é a dela alto astral dominante comandou toda a receita mesmo sem saber levou pureza e diversão pra live e todos os meninos lá encantados por ela ah que mulher é essa bixx
1290869305706512384,minha tml toda shippando pam e gabriel
1290869249662124032,verdade o pai sempre brincando e vó da pam falou que ela estava apaixonada pelo lucass kkkk aí tem coisa se o lucas não se tocar agora é nunca mais
1290869235032498177,antes de assar foi o da pamdepois de assada dos neninos
1290869231987367936,sdd de escutar medo bobo ao som de tdl
1290869178824613888,kkkkkkkkkk me deu crise de riso e eu não posso acordar o andré se não ele vai ficar louco
1290869173984399360,oi anjo está bem
1290869124445413376,amiga ja era kkkkkkkk no primeiro pam dele eu já tava shipando pq eu sou assim
1290869081797799941,minha teoria é se pam curti pode ser se não já sabemos vida difícil essa minha kkkkk
1290869025837375488,feliz aniversário pam mts felicidades
1290868789744214018,pam ajuda marcando luan no meu vídeo que te marquei amore
1290868731674066944,a dos meninos  desculpa pam mas
1290868705342234624,não vou mentir a da pam
1290868698165673985,a pam é muito descolada se sai muito bem no ao vivo ela é top  o gabriel também o lucas com o jeito dele querendo que agente passe pano kkkkkk
1290868684488146945,eu shippo mto o gabriel com a pam tbm
1290868614212575233,sério tinha que virar um quadro fixo lucas e pam fazendo live toda semana no ig
1290868490329522176,achei que da pam ia ficar melhor mais no final parece que a dos meninos ganhou  nunca duvidei
1290868485854302208,eu amei a vibe dos meninos com a pam
1290868473623719937,roi pâmela né
1290868454086660098,a pam é  demais não tem condições
1290868453197348865,gang que não ironicamente odeia jim e pam
1290868416308547586,votei na pam pq ficou maior
1290868379398668288,a pam tem uma energia surreal amooo essa meninaaa
1290868301913096193,parabéns pam vocês nos
1290868297060188163,o meu tbm amadah
1290868229271887872,pam faz uma casa de gravações com os meninos
1290868212763107328,a pam ficou melhor ela fez tudo sozinha kkk
1290868144588890112,as vezes eu acho que rola pamlu as vezes eu acho que não eu sinto que q pam é afim dele sim mas a gente não sabe é de nada kkkkkk
1290868098908803072,até levar ao forno a melhor foi a da pam mas depois de pronta a melhor coxinha pela aparência é a dos meninos
1290868020320010245,ficou top pam amei
1290868006462070784,eu depois de vota na coxinha da pam
1290867944738742272,se a pam mesma disse q a dela estava ruim
1290867891055861760,acertôôô miseravi
1290867870440853506,da pam só pq vcs não tiraram a camiseta como prometido
1290867827289853953,olha fiquei fodida
1290867758578769921,parabéns a todos os  mas os meninos mandaram muito bem pam vc é maravilhosa
1290867752346046465,gabriel escolhe ou eu ou a pam
1290867676169019394,quem é dois de falar que foi a da pam vc amanhã fica de touca preta o dia inteirinho
1290867646951497728,pam vc tinha q ser  tmbm é muito carismática e fala super bem
1290867537148874759,inclusive eu gostava tanto do jim e da pam que doeu quase fisicamente a nona temporada em mim kkkk
1290867521885798401,antes assar foi a da pam depois de assar dos meninos
1290867513488822273,pam obrigada por esse momento
1290867497688862720,a vibe da pam  tudoh
1290867454688858112,votei na pam porque ela tava fazendo sozinha e arrasou
1290867447164284928,desculpa o da pam ficou melhor
1290867393972109313,lucas precisamos de outra live sua com os meninos e a pam preciso ver uma coisinha aaaaaaaaaaa
1290867391291961344,para gente a pam chamava o pedro de pe o gabriel de tah é lucas luquinhas eu percebe muito ali ela sempre buscando lucas pra interação a diferença foi o gabriel q foi muito antecioso é interagiu muito com a pamela eu acredito em pamlu
1290867328901697539,agora que estamos shippando pam com o gabriel vai rolar pamlu
1290867327685341184,na realidade a pam foi o que sempre éalto  o gabriel tbm parece serso tem um porema pam é isso tudo com o lucasso que algumas pessoas nao gostam
1290867325231603714,old que vou na pam pois ela fez sozinha
1290867291018723334,a pam já seguiu o pedro e o gabriel no ig amoooo
1290867285150838784,bb  a pam  merece ela fez tudo sozinha  vcs eram 3  era obrigação de vcs arrasarem a dela ficou top só faltou sal kkkkkkkk
1290867270156193792,a pam a do gabriel ne pq vc e o pedro junta os dois da um kkkkk
1290867228125126656,olhando por fora pam por dentro lucas então teremos que ter uma outra live para desempatar aí já compra o vinho para o eu nunca pesadão amo
1290867210064482311,votei em vc pq ficou mais bonitinho as coxinhas porém eu qria a da pam pq ficou maior
1290867197779288066,a da pam ficou com o formato melhor porém depois de assar a dos meninos ficou mais bonita a da pam parecia tá crua com farinha solta
1290867186769289221,tu é muito competitivo putaaaaa que pariuuuuu não vou nem falar que foi a da pam que tu fica o dia todo pra provar o contrário kkkkkkkk pqp
1290867135930130432,a da pam
1290867073766379520,antes de ir pro forno era a da pam mas depois foi de vcs
1290867036126683136,old que da pam
1290866871814754304,pam e gabriel já se seguiram no instagram
1290866746895806464,socorro tá todo mundo shippando o gabriel com a pam hahaha
1290866600560795648,live hj foi muito foda aquela super propaganda do ffxiv e muito bate papo com a galera amanha estamos de volta com mais
1290866553861308421,pensando muito nisso aqui depois de ver um vídeo de meia hora analisando a pam de the office e eu cheguei a conclusão que eu sou ela
1290866537528729605,fala se n é
1290866516859256833,adorei pam sempre linda
1290866484756045824,a pam é tão simpática que nem parecia que ela não conhecia o pedro e o gabriel hahahah amo esse jeitinho dela
1290866448630415361,senti clima na pam e gabriel
1290866418142056448,eu sou a primeira da fila tá bem antes da pam tbm
1290866297048379392,o ga o pam
1290866109428662272,eu shippo o gabriel com a pam comigo com minhas amigas hahahaha quietinha
1290866028864561156,parabéns pam tudo de bom e o de melhor pra ti que venham muitos e muitos anos de vida
1290865987319980032,e eu amg ele todo fofo fzd de tudo pra não deixar a pam falando sozinha e interagindo levou coxinha pra layza tbm
1290865973705285632,eu chapada sou boba dms
1290865933137911809,gabriel é muito lindo né  foi o mais atencioso com a pam na live eu shippo ele com ela tbm
1290865921695907841,vive falando que gosta de frio mas quando o frio chega tenta se esquentar enfim a hipocrisia
1290865894369918976,3 dias acontecendo acidentes gravíssimos na 277
1290865886065287168,pam segui o gabis aqui também
1290865842570375169,apaixonada cada vez mais na   simpáticade boa e linda né é o  todo tímidolindo de mataramando o  q sorrisoq fofoachei ele super antecioso com a pam o  este reúne todas as qualidadeso amor de minha vida
1290865779139850245,a pam é tao fofinha que ja chamava os meninos por ga e pê
1290865768964542469,meu deus que loucura esse 2020
1290865717068337153,a pam rouba muito nas brincadeiras né
1290865694331080705,pessoal ta sabendo mais da minha vida que eu
1290865690543620097,demais pam amei
1290865601439834112,chamando a pamela de “pam” e ela chamando ele de “ga”
1290865548679684096,eu to me estressando com esse carregador
1290865499845386241,sonhei que estava entrando no cemitério última vez que tive esse sonho não foi nada bom morro de medo
1290865466458673153,a pam chamando o gabriel de ga achei fofo demais eles dois pura simpatia
1290865407344152576,fala que é hétero mas no casamento da o anel pra esposa enfim a hipocrisia
1290865400532606976,o povo shippando pâm com o gabriel kkkkkkkkk o que uma live não faz meu deus
1290865262770769921,foi incrível que simpatia vc tem pam amei
1290865252108820481,só uma coisa a pam é do lucas o lucas é da pam chega d palhaçada se passem menos
1290865189953339395,to shippando a pam com o gabriel kkkkkkk combina mt
1290865097179635712,essas pessoas acabaram de visualizar seu perfil
1290865003369828353,será que o gabriel já tem o contatinho da pâm
1290864967298818048,eu fui olhar o instagram dele mais a pam nem curti as fotos do gabriel  então acho que é só atencioso mesmo
1290864955642830849,tl nesse momento tudo caprichete pam e gabriel kkk kkk e o lucas vela
1290864951096152067,muito boa pam vc se saiu bem sozinha contra 3 meninos o gabriel salvou as coxinhas deles
1290864925561303041,sim pam rachei de rir
1290864884465446918,shippo o gabriel comigo ou o gabriel com a pam esse é isso
1290864878048223234,nada a vê minha capa mas to sem criatividade
1290864848524521473,os machos tudo babando na coxinha da pam kkkk
1290864771735199744,shippo o gabriel com a pam ou comigo
1290864771617771520,meu deus pam qual a sensação de ter 3 gatos olhando assim pra você se fosse eu já teria desmaiado
1290864707893637121,ameiii pam
1290864684237828096,pelo pouco que ví da live rolou uma conexão muito forte da pam com o gabriel aos pé frios como eu peço que não shippem porque se não já sabem
1290864627836911617,como não amar esses meninos ainda mais com a pam que é incrível que simpatia de menina que vibe maravilhosa ri demais kkk
1290864523558223873,o jeito que ele falava pam e ela gah foi diferente
1290864500174999553,muito eu me apx por ele e o pedro todo tímido chamando ela d pam ain eu tô no céu
1290864419942039554,isso é muito jim pam e filhos
1290864399834664960,pam e gabriel
1290864313331265536,old pam eu to muito feliz
1290864291638321152,pam uma fofa
1290864289088184320,poxa apaguei do nada e até perdi os sprints de leitura da pam
1290864283484598272,a dos meninos a da pam ficou crua
1290864138386898944,enfim né amados
1290864121097924608,amei o gabriel gente ele foi fofo com a pam todos foram porém ele foi tudo apaixonei
1290864089594462209,foi tudooooo pam amei demais
1290864071676440576,eu shippo a pam com gabriel
1290864063321341952,preciso urgentemente de um carregador novo
1290864039355207681,seu perfil foi visto por 5 pessoas nas últimas 4 horas
1290864010720616448,me pai aí quando tá com problemas com algo e lembra q já tem filho criados
1290863993528233986,eu shippo o gabriel comigo ou o gabriel com a pam uma dessas alternativas
1290863918705975298,18 anos nas costas e trouxa desse jeito minha nossa
1290863897789038597,meu deus eu n tinha visto o resto da thread desculpa pam
1290863876855259136,pam do céu vc e gabriel super combinam
1290863810723688448,siiiiimmm muito melhor quase q eu vivi momentos desses mas foi quase msm enfim
1290863758810787840,a pam é tão amorzinho mds ela é tudo
1290863730176208897,a melhor livee  pam meninos vocês são tudoo
1290863710001668098,eu era bem mais bonita à 1 ano atrás o que será que aconteceu
1290863674106810368,mto pam
1290863656570368003,itzy vai ter 5 cards coitada da pam
1290863590602354688,shipo gabriel e a pam
1290863569907613696,um ano atrás eu estava mais gordinha quero muito
1290863522411417601,ameiifoi top pam
1290863496717053952,ameeeei pam
1290863456577556480,e o gabriel e a pam em
1290863447446556672,pam mais cedo tava brigada com meu marido chorei horrores ai começo a live fui pro quarto e ele fico na sala rs comecei a ri mt alto tava dando gargalhadas kkkkk vcs me alegraram mt e meu marido ta aqui sem entender nada ate agora perguntando pq to felizinha hahahaha
1290863396364128256,feliz niver pam
1290863378827751424,só eu que achei o gabriel combina com a pam eu tô encantada com ele muito gente boa
1290863314982121473,ali tinha uma situação  estavamos no jejum e sem aquele gol estavamos fora da copa e sabese lá se iriamos ganhar algo no ano seguinte
1290863309504286727,ele chamando ela de pam aaaaa
1290863298657882112,amei pam foi muito legal a vibe de vcs amei o gabriel
1290863292588662784,a real é que a pam é um amor de pessoa
1290863264566374400,só essa cena final valeu pelo episódio inteiro kkkkkk não acredito que a pam tava junto
1290863230563295233,terminei a luve shippando pam e gabriel
1290863218492084224,muito boa pam ri de mais
1290863216512425989,eu acho q o gabriel combina com a pam demais
1290863214436265985,sim pam amei gabriel ganhou a minha admiração que menino educado  parabéns gabriel quero que meu quando crescer seja tão educado como vc muito fofo luquinhas e pedro tbm são fofos mas o gabriel fez tudo
1290863139051974657,agora tudo faz sentido
1290863109901627394,coloca lucas pam gabriel e pedro em um ppv que eu vejo
1290863094822993920,eu td dia
1290863036580999170,feliz aniversário pam
1290863024350388229,concordo o do palmeiras é o mais foda
1290863019954708481,parabéns pâm felicidades
1290862942427242498,ameeeei pam você é um amor
1290862927730417666,sim tava muito engraçada pam
1290862906100326402,minha sogra é uma esmeralda  ri alto nessa hora pam
1290862880523464706,eu ameiiii pam você arrasou já pode ser  de programa culinário hahahah
1290862834247708673,eu ameeeeeei pam chorei de rir horrores
1290862833203380224,o pam quando for fazer live fala uns 3 dias antes pro fadom agendar hahah
1290862817025949697,pam vem cá gostosinho esse tal de gabriel né eu sentava
1290862738965762049,e obrigada pam era o que eu precisava ouvir
1290862712591994884,assisti o episódio do casamento da pam e do jim e terminei com depressao
1290862688357187584,eu ameeei pam vc sempre muito divertida
1290862674067238912,chama deles pro seu canal pam
1290862652248514560,aí crlh
1290862596736909314,amei muito pam
1290862579871625218,pam e o jim fofos
1290862552608575488,não ia sair nada que prestasse da minha receita hahahaha pam tá de parabéns
1290862517703577601,para pam deu gatilho
1290862471020978178,parabéns pam
1290862463580360706,eu shipparia muito também a pam com o gabriel
1290862301046886400,to shipando a pam e o gabriel só deus pode me julgar
1290862264405417985,o gabriel e a pam kkkkkkk passumal
1290862253584121858,e aí galera lucas ou pam qual melhor coxinha
1290862173141508098,eu não fiquei até 1 da manhã assistindo a live da pam e do lucas não né kkkkkkkk
1290862072734068736,gabriel já jogou um irmã pra pam eeeeer
1290862045492109313,essa live do lucas com os meninos e a pam foi tudo de bom kkkkkkkkk amo
1290861904492212225,terminei the office e puta que pariu mano eu amo tanto a pam o jim o michael e o dwight que chega a doer não consigo parar de chorar
1290861809222770688,seu perfil foi visto por 7 pessoas nas últimas 5 horas
1290861705971539968,vou fazer uma festa virtual kkkkk
1290861623721234434,pelo menos vou passar o aniversário ao lado da minha mamis e do meu amorzinho
1290861560060088328,tem a ver com jim e pam
1290861479713964034,ñ aguento mais ficar sem pam
1290861379134672896,comemorar o aniversário com as pessoas que amo
1290861225912434688,queria tanto fazer uma festinha no meu aniversário
1290861065694326784,jim e pam é gatilho demais
1290860914783260672,amiga qual é o nome do shipp da pam e do jim
1290860908475027459,o thiago é mó otario sério mlk burro da porra kkkkkkkkkkk
1290860779252711424,mds desculpa não resisti pra comentar isso não kkkkkkkk
1290860678174117889,vey a pior coisa do mundo foi eu ter acostumado a dormir na ligação com alguém agr to fodida vey n consigo dormir
1290860591121346560,me iludindo desse jeito eu vou acabar acreditando
1290860551577522176,saudades de ir trabalhar acordava 4hrs da manha mas ia feliz eu paula e pam tudo atravessando aquela passarela do caju às 5hrs da manhã cm um medo mas a gnt so faz rir na recó kkkkk momentos
1290860517037400064,bate até uma saudade de 2018 alguns momentos que não voltam
1290860461638942720,gostosa pra uma porra
1290860455137771520,quase passei mal de rir com esse episódio do casamento do jim e da pam épico
1290860324887945217,se perto dos amigos e família eu já não ganhava nada de aniversário imagine agora que to longe kkkkkk
1290860225990397957,o meu pam deu um bug tirou metade to com preguiça de colocar dnv
1290860211004112896,meu aniversário tá chegando uhuuu
1290860126207987714,exato eu morri vendo essa música agr nem lembrava
1290859892727779331,pam eu sempre mecho no armário do banheiro das pessoas algo assim gabriel isso diz muito sobre as pessoas ou não o clima que ficou puta merda
1290859709386416128,entendo que a informação é preciso que a imprensa precisa levar a informação a todo lugar mais fazer de tragédias um meio de se alto promover é deprimente a  parece um abutre atrais de canificina pra poder sobreviver
1290859643217031168,the office me conquistou nesse episódio que a pam beija o jim inclusive q casal lindo e toca tiny dancer no fim
1290859590192713728,ultimamente to fazendo janta e colocando sal na sorte mesmo pq não adianta de nada experimentar sem sentir o gosto
1290859450065092609,parabéns pam tudo de bom pra você
1290859399037231106,meu deus gabriel jogou uma shade pra pam  socorri
1290859326408658944,puta merda
1290859324194127877,a gente tem que comer imaginando o sabor das coisas
1290859288718725120,alguém tem alguém me manda
1290859268321812481,como é ruim não sentir o cheiro nem o gosto de nada
1290859257882185729,tô morrendo de fome mas me recuso a levantar uma hr dessa p comer vou dormir q é melhor esse fds quero permanecer magrinha a partir de semana q vem eu volto a engordar rs
1290859074255351808,esoooo felicidades pam
1290859044442378241,a olhada que o pedro deu no lucas quando a pam contou que fez xixi na cama kkkkkkkkkkk eu to morrendoooo
1290859005607383041,a pam é zero vergonhosa
1290858573879181312,uiiii eu vou jogar esse carregador no mato
1290858539297185793,pessoas que visitaram meu perfil e grupos que sigo no twitter
1290858526978510848,episódio mais triste que eu já vi em qualquer serie michael indo embora do escritório  despedida do jim e da pam
1290858417893060609,não sei oque está acontecendo cmg hoje
1290858348158619648,ande como um campeão fale como um campeão ram pa pa pam pam ram pa pa pam pam gomez selena
1290858268651393025,li e pensei q era outra pam mas bem q podia ser
1290858063835127814,eu amo a maria clara mais que o jim halpert ama a pam
1290858039629807617,ui eu sou tão ocupada que esqueço fácil do twitter
1290857792060956673,pq tão perfeita pâm
1290857549621858306,pra mim o mais importante foi aquele contra o palmeiras na copa do brasil em 2016mas esse aqui arrepia toda vez
1290857435117297666,pam segue aqui
1290857264253935616,eu to na segunda temporada de the office e jim e pam ja é um dos meus casais favoritos e eles nem sao um casal ainda
1290857180166606848,a consequência vem akakkkak
1290857158658203650,o jim com ciúmes da pam eu morro tudo pra mim
1290857013472370689,meus shorts tão tudo largo em mim
1290856887219617792,vou ate pintar o cabelo de novo so pra ser a pam
1290856838129504257,eu queria tanto emagrecer agr q consegui tô sentindo falta do meu corpão ja quero engordar de nv kkkkkkk por isso não faço dieta eu emagreço com mt facilidade cara
1290856432590565382,tô revendo the office aí cheguei no casamento de jim e pam e fiquei todo choroso ódio
1290856253355429889,eu tentando
1290856073847422976,dia uma serenata pra  e ela odiou to triste
1290856049080246276,só acontece com quem tá chapado kkkkkkk
1290855960559353857,obg pam neneca
1290855884600545288,ai pam pfvr ne
1290855834189266944,e como a karen reagiu ao término eles tão saindo tem mais de 6 meses planejando se mudar pra ny juntos e aí ele desiste de td pra ficar em scranton e começar a sair com a pam no mesmo
1290855831496462338,sim eu estou indignada que o jim não pegou o emprego em ny por causa da pam
1290855565036597250,hoje foi aniversário da pam queria que todo mundo tivesse uma pessoa como ela na vida é gente boa demais
1290855397805498368,o gabriel tá olhando pra pam todo bobo eu quero esse casaaaaal pam por favor nota esse macho
1290855276233588738,o gabriel dando bastante atenção a pam esse é o tweet
1290855189872861185,nem aquecedor n tá ajudando com esse frio precisava de uma conchinha droga
1290855107945467904,hoje me bateu uma falta da pam mandei msg p ela e espero n ser ignorado
1290855099414315009,58 0029 pam meu bem  bom descanso 58 0029 pam boa noite  dorme com deus 58 0029 meu bem  bjs juízo em tô de  58 0029 pam sonha cmg 58 0029 meu bem  n tenha dúvidas disso 58 0030 meu bem  eu sonho com vc de olho aberto ricardo é um amor
1290854673348468738,jim e pam são com certeza minha história preferida afff
1290854632147881992,tu ta falando da que foi recusada qd a pam viu no celular dela e tal ne me diz q sim senao eu vou ficar pistola ctg
1290854630193332224,eu amo a pam cara
1290854581421965313,achei que ele ia atravessar a tela do celular so pra comer a coxinha da pam kkkkkkkkkkkk brincadeira
1290854546705715200,pâm tá longe só a 1 dia e pouco e cada segundo q passa aumenta minha vontade d ver logo ela e sentir ela bem pertinho porque tudo do lado dela é  melhor
1290854514757636096,to amando a serie do  na  super recomendo
1290854357718781952,eu senti demais a conexão da fleabag com o padre mas acho q o jim e a pam por demorarem altas temporadas e por construírem esse climax por mais tempo acho q ganham na química
1290854350181535745,meu casal
1290854209911500800,já falei antes mas o relato da pam sobre ela no fim do episódio
1290854108631650304,sentir um quedinha do gabriel pela pam old que ela só quer o lucas msm
1290854039387766784,merece mais chances aqui
1290854023621476352,tudo que eu como me dá ânsia de vômito não aguento mais
1290853632246784000,entendam
1290853390201901061,opa já quero
1290853241547304960,gabriel e pam seria uma vibe
